catalog_id,archive,previous_caption,archive_caption
16322,Utah Historical Society,Rio Grande Western Railroad P.29,"Castle Gate, Utah"
17638,Utah Historical Society,"Men and little boy posed by train, 1908",Bingham & Garfield Railroad / Bingham and Garfield Railroad.
18498,Utah Historical Society,Wagons -- Freighting P.32,Wagons -- Freighting.
21339,Utah Historical Society,"RR shops construction, 1905, foundation/workers/tracks, Idaho","Pocatello, Ida., steel car shop under construction, 1905."
22256,Utah Historical Society,"SLC, LA Limited train, 1905",Union Pacific Railroad 22256 Los Angeles Limited.
22257,Utah Historical Society,"SLC, LA Limited train, 1905 (more steam)",Union Pacific Railroad Los Angeles Limited 22257.
22582,Utah Historical Society,"TRAIN - Crowds of people, some dressed up, 5/1/1905","First San Pedro, Los Angeles and Salt Lake train for Los Angeles, May 1, 1905."
22583,Utah Historical Society,"Crowds of people, some dressed up, 5/1/1905","First San Pedro, Los Angeles and Salt Lake train for Los Angeles, May 1, 1905."
22584,Utah Historical Society,Empty dining car,"San Pedro, Los Angeles and Salt Lake train (1st to L.A.) dining car, May 1, 1905."
22585,Utah Historical Society,"RR dining car interior, people dressed up, 1905-6 (Peter Buol as cook)","San Pedro, Los Angeles and Salt Lake dining car, June, 1905."
22586,Utah Historical Society,SP LA SL Railroad cooks pose outside rail car,"San Pedro, Los Angeles and Salt Lake dining car with waiters, May, 1905."
22587,Utah Historical Society,Saltair Depot P.3,"Crowd at the Saltair Depot, June 29, 1909."
23302,Utah Historical Society,"Denver & Rio Grande Western Railroad Station, SLC P.54",Denver & Rio Grande Western RR ticket office.
23501,Utah Historical Society,"Denver & Rio Grande Western Railroad Station, SLC P.53",(11x14 G.N.) Interior of the Denver & Rio Grande Western RR ticket office.
25049,Utah Historical Society,"San Pedro, Los Angeles & Salt Lake RR P.11","San Pedro, Los Angeles and Salt Lake Railroad window."
27082,Utah Historical Society,"Ely, Nevada P.18","Stagecoach, Ely, Nevada, Railroad Day, Sept., 1906."
2714858,Utah Historical Society,Double coal house for company dwellings,"San Pedro, Los Angeles and Salt Lake Railroad ; Salt Lake Division ; Double Coal House for Company Dwellings"
2714859,Utah Historical Society,"Corrugated pipe siphon, 1910","San Pedro, Los Angeles and Salt Lake Railroad ; Salt Lake Division ; Corrugated Iron Pipe Syphon"
27871,Utah Historical Society,"Bamberger Line property, April 21, 1907 (Bamberger Railroad P.15)","Bamberger Line property, April 21, 1907."
29430,Utah Historical Society,"Man sleeping in train car, 1913","D & RGRR man on train at Soldier Summit, Mar. 28, 1913."
29902,Utah Historical Society,"Crowd of men and women with baggage waiting for train, 1910",First trains out of Salt Lake at the new Denver & Rio Grande Western Railroad train at Salt Lake City Depot.
29903,Utah Historical Society,"Crowd of men and women with baggage, facing away from train, 1910",First trains out of the new Denver & Rio Grande Western Railroad Depot.
29904,Utah Historical Society,"Train station, crowd of men in hats, 1910, SLC",Western Pacific Railroad opening at the new Denver & Rio Grande Western Railroad Depot.
29905,Utah Historical Society,"Train station waiting room, group of men outside, 1910, SLC",Western Pacific Railroad opening at the new Denver & Rio Grande Western Railroad Depot.
455340,Utah Historical Society,"Workmen on tracks, 1900","Central Pacific Railroad grade and bridge over Bear River at Corinne, looking east."
455533,Utah Historical Society,"Denver and Rio Grande Western RR, east-bound train #6 crossing Soldier Summit, 1910 (D&RGW R.R. P.7)","Denver and Rio Grande Western RR, east-bound train #6, crossing the divide at Soldier Summit, 1910."
511,Utah Historical Society,"Bamberger Railroad -- Cable Gang, Lagoon, Summer 1909 (Bamberger Railroad P.1)","Taken at the old main entrance of Lagoon, Summer 1909."
750,Utah Historical Society,"San Pedro, Los Angeles & Salt Lake RR P.2","At the Union Pacific Depot in Salt Lake City, August, 1910."
2012646311,Library of Congress,"Mary's Dance Hall, Goldfield, Nevada, 1907","Mary's dance hall, Goldfield, Nevada."
pho004103,UNLV Special Collections,"Las Vegas Ranch, Las Vegas, Nevada, circa 1905 (dated 1904 to 1906). Union Pacific Railroad Company.",Black and white image of the Las Vegas Ranch.
2014696545,Library of Congress,"Gov. Oddie at USS Nevada launching, July 11, 1914 (exposure a)","Secretary of the Navy Josephus Daniels, Eleanor Siebert, and Nevada Governor Tasker Oddie at the launching of the USS Nevada, July 11, 1914."
2014696546,Library of Congress,"Gov. Oddie at USS Nevada launching, July 11, 1914 (exposure b)","Secretary of the Navy Josephus Daniels, Eleanor Siebert, and Nevada Governor Tasker Oddie at the launching of the USS Nevada, July 11, 1914."
2016860954,Library of Congress,"Tasker Oddie, Senator, portrait","Tasker Oddie, U.S. Senator from Nevada."
2016864143,Library of Congress,"Tasker Oddie, Governor of Nevada, portrait, 1912, Standing","Tasker Lowndes Oddie, Governor of Nevada (1911-1915) and U.S. Senator (1921-1933)."
2007662543,Library of Congress,"Alfalfa fields, Las Vegas, Nevada, 1910","Alfalfa fields, Las Vegas, Nevada."
pho018500,UNLV Special Collections,"Aerial photograph of Pioche, Nevada, 1870-1889 (Million Dollar Courthouse visible)","An aerial view of Pioche, Nevada during its silver mining boom."
2003665483,Library of Congress,"Reading room, 10-cent lodging house, Bowery, NYC, c. 1908",New York City.
pho019905,UNLV Special Collections,"Delamar, Nevada, 1907 (panorama)","Panorama of Delamar, Nevada, 1907."
pho019906,UNLV Special Collections,"Photograph of Tonopah, Nevada, 1906 (aerial view including red light district)","Black and white photograph of Tonopah, Nevada, looking over the city, including the red light district."
pho019911,UNLV Special Collections,"Governor Emmett D. Boyle of Nevada signing resolution for the Nineteenth Amendment, 1920 February 07",Governor Emmett D.
pho019912,UNLV Special Collections,"Anne Martin campaign for U.S. Senate, approximately 1918-1920","Anne Martin and three unidentified women in an automobile campaigning for the U.S. Senate election, approximately 1918-1920."
pho019916,UNLV Special Collections,"Pioche, Nevada, 1906 (street scene, Bank of Pioche)","Street scene, Pioche, Nevada, including Bank of Pioche, Inc. and a saloon, circa 1905-1907."
pho019917,UNLV Special Collections,"Pioche, Nevada, 1906 (street scene, Clark's Place)",Street scene of Pioche including Clark's Place and S.
pho023005,UNLV Special Collections,"Bullionville & Pioche Railroad Grade in Condor Canyon, Nevada, 1915-1917",Bullionville and Pioche Railroad Grade tracks running through Condor Canyon.
2013647219,Library of Congress,"Telephone operator at work (switchboard), c. 1922",Telephone operator at work -- a young woman seated at a switchboard.
nv0072,Library of Congress (HABS),"Old Lincoln County Courthouse (Million Dollar Courthouse), Pioche, NV","Old Lincoln County Courthouse, Pioche, Lincoln County, NV."
2012648308,Library of Congress,"Goldfield, Nevada street scene, c. 1907","Street scene, Goldfield, Nevada, a Nevada mining boomtown of the same era and building style as early Las Vegas."
snv002501,UNLV Special Collections,Wagon train / 16-horse team passing Las Vegas Bank & Trust (1905),"Sixteen horse team passing by the Las Vegas Bank & Trust Co., Las Vegas (Nev.), 1905."
snv002550,UNLV Special Collections,"McWilliams' Townsite, group of men outside businesses (1905)","Group of men outside businesses in the McWilliams' Townsite, Las Vegas (Nev.), 1905."
snv000705,UNLV Special Collections,"Samuel Newhouse's party waiting in Caliente for private car to Salt Lake, 1906 [Lincoln County Museum Photograph Collection]","Photograph of the Newhouse party at Caliente Depot, Caliente (Nev.), 1906"
snv000706,UNLV Special Collections,"Photograph of the Samuel Newhouse party in Caliente departing for Salt Lake City, Caliente (Nev.), 1906 -- companion image to snv000705, same event [Lincoln County Museum Photograph Collection]","Samuel Newhouse's party in Caliente departing for Salt Lake City, 1906 -- companion image to snv000705 (same event, adjacent Physical ID 0119 0013)."
pho014116-006,UNLV Special Collections,"Photograph album 2, Charles P. Squires Collection, page 6, circa 1910-1920 -- album page with 3 photos: group with horse wagon in front of San Pedro Los Angeles & Salt Lake Railroad boxcars; stone building in desert with woman in doorway; row of weathered shacks","Photograph album 2, Charles P. Squires Collection, circa 1910-1920, page 6"
pho013038,UNLV Special Collections,Ed Clark age 25 / Forwarding Company (1904 to 1906),Photograph of Ed.
pho025987,UNLV Special Collections,Methodist Church (curfew bell reference),"Photograph of back of First Methodist Church building, Las Vegas (Nev.), 1900-1925."
AAA-7143,San Francisco Public Library,"Union Square, San Francisco, circa 1910 [San Francisco Subjects Photograph Collection, SFP 162]","Union Square, San Francisco, circa 1910."
AAB-6085,San Francisco Public Library,"Intersection of Sutter, Sansome and Market Streets, San Francisco, March 28, 1910 [San Francisco Subjects Photograph Collection, SFP 162]","Intersection of Sutter, Sansome and Market Streets, San Francisco, March 28, 1910."
pho025988,UNLV Special Collections,"Photograph of back of First Methodist Church building, Las Vegas (Nev.) -- located at 3rd and Bridger Streets, circa 1900-1925 [Sunnie Gillette Photograph Collection]. See also pho025987 (front view).","Back of the First Methodist Church in Las Vegas, NV, located at 3rd and Bridger Streets."
pho025999,UNLV Special Collections,"Photograph of Clark County Courthouse, Las Vegas (Nev.) -- close view, circa 1900-1925 [Sunnie Gillette Photograph Collection]. See also pho025998 (other courthouse views).","Close view of the Clark County Courthouse, Las Vegas, NV."
pho023019,UNLV Special Collections,"Photograph of a girl on a horse, Pioche (Nev.), 1907 [Lincoln County Museum Photograph Collection]","Little girl rides a black horse on a trail, Pioche, Nevada, 1907."
pho023833,UNLV Special Collections,"EXTERIOR view (front facade) of Lincoln County Courthouse, Pioche, Nevada, 1905-1951 -- winter scene, snow, bare trees, ""POST NO BILLS"" signage on facade. CORRECTED 2026-08-27: earlier note on this row said ""interiors"" -- verified by visual inspection this is an EXTERIOR shot. [James Hulse Photograph Collection on Pioche, Nevada]","View of Lincoln County Courthouse, Pioche, Nevada."
pho023834,UNLV Special Collections,"Photograph of interior of courthouse, Pioche (Nev.), 1905-1951 [James Hulse Photograph Collection on Pioche, Nevada]","Interior of the Lincoln County Courthouse, Pioche, Nevada."
snv000856,UNLV Special Collections,"Old Lincoln County Courthouse, Pioche, Nevada -- period caption ""Nevada's Famous $1,000,000.00 Court House,"" circa 1900-1925 [James Hulse Photograph Collection on Pioche, Nevada]","Caption: Old Lincoln County Courthouse, Pioche Nev. Nevada's Famous $1,000,000.00 Court House."
pho023875,UNLV Special Collections,"Photograph of Henry Lee, Pioche (Nev.), 1890-1910 [John Janney Photograph Collection on Pioche, Nevada]",Picture of Henry Hudson Lee and his bicycle.
pho023877,UNLV Special Collections,"Photograph of mine tailings, Pioche (Nev.), early 1900s [John Janney Photograph Collection on Pioche, Nevada]",Panorama of tailings piles near the mines in Pioche.
pho023879,UNLV Special Collections,"Photograph of mines, Pioche (Nev.), early 1900s [John Janney Photograph Collection on Pioche, Nevada]",Panorama of mines in Pioche.
pho023882,UNLV Special Collections,"Photograph of a mill, Pioche (Nev.), early 1900s [John Janney Photograph Collection on Pioche, Nevada]",Vertical panorama of a mill and mining machinery.
pcrd.1d03667,Library of Congress,"State capitol - Carson City. Library of Congress Prints and Photographs Division, postcard collection. Digital ID: pcrd 1d03667",State capitol - Carson City
pho006111,UNLV Special Collections,"Photograph of Overland Hotel, Las Vegas, circa 1911 [Charles P. Squires Photograph Collection]","Photograph of Overland Hotel, Las Vegas, circa 1911."
pho021802,UNLV Special Collections,"Photograph of Overland Hotel after a fire, Las Vegas (Nev.), 1911 [Junior League of Las Vegas Photograph Collection]","Photograph of Overland Hotel after a fire, Las Vegas (Nev.), 1911."
pho023728,UNLV Special Collections,"Country doctor in wagon, Nevada, 1880-1910","Country doctor in wagon, (Nev.), 1880-1910."
map000278,UNLV Special Collections,"Map of the Goldfield Mining District, Nye and Esmeralda Counties, Nevada, 1905","of the Goldfield Mining District, Nye and Esmeralda Counties, Nevada, 1905."
pho016483,UNLV Special Collections,"Crowd at a railroad station in Las Vegas, approximately 1905-1930 -- Governor Campbell of Arizona identified in crowd but not pinpointed [Fred and Maurine Wilson Photograph Collection]","Crowd at a railroad station in Las Vegas, approximately 1905-1930."
snv000021,UNLV Special Collections,"Pack trains and buggies crossing the desert, approximately 1901-1905 [Tonopah and Goldfield Mining Photograph Collection]",Pack trains and buggies crossing the desert.
snv000207,UNLV Special Collections,"Photograph of Mohawk Mine and Tonopah Goldfield Train, Goldfield (Nev.), early 1900s [C. A. Earle Rinker Photograph Collection of Goldfield, Nevada]","Photograph of Mohawk Mine and Tonopah Goldfield Train, Goldfield (Nev.), early 1900s."
pho016809,UNLV Special Collections,"Side view of the 1910 Oldsmobile Limited for the automobile business in Las Vegas, Nevada [James Cashman Sr. Photograph Collection]","Side view of the 1910 Oldsmobile Limited for the automobile business in Las Vegas, Nevada."
pho013444,UNLV Special Collections,"Photograph of a wagon hauling freight in Eldorado Canyon, circa 1911-1915 [Elbert Edwards Photograph Collection]","Photograph of a wagon hauling freight in Eldorado Canyon, circa 1911-1915."
snv001161,UNLV Special Collections,"Photograph of a wagon approaching the Narrows at Eldorado Canyon (Nev.), 1907 [Ferron and Bracken Photograph Collection]","Photograph of a wagon approaching the Narrows at Eldorado Canyon (Nev.), 1907."
snv001260,UNLV Special Collections,"Photograph of men in a horse-drawn wagon in front of the Eldorado Canyon boarding house and mill, Eldorado Canyon (Nev.), 1907 [Ferron and Bracken Photograph Collection]","Photograph of men in a horse-drawn wagon in front of the Eldorado Canyon boarding house and mill, Eldorado Canyon (Nev.), 1907."
snv001968,UNLV Special Collections,"Photograph of a wagon and horse team on a narrow mountain road, Eldorado Canyon (Nev.), 1900-1925 [Ferron and Bracken Photograph Collection]","Photograph of a wagon and horse team on a narrow mountain road, Eldorado Canyon (Nev.), 1900-1925."
pho008436,UNLV Special Collections,"Photograph of Fremont Street, Las Vegas, Nevada, circa 1912-1919 [Bill Willard Photograph Collection]","Photograph of Fremont Street, Las Vegas, Nevada, circa 1912-1919"
pho021796,UNLV Special Collections,"Photograph of Main Street, Las Vegas (Nev.), 1908-1912 [Junior League of Las Vegas Photograph Collection]","Photograph of Main Street, Las Vegas (Nev.), 1908-1912."
snv002526,UNLV Special Collections,"Photograph of Fremont Street, buildings, and automobiles, Las Vegas (Nev.), 1900-1925 [Jacob E. Von Tobel Photograph Collection]","Photograph of Fremont Street, buildings, and automobiles, Las Vegas (Nev.), 1900-1925."
snv001959,UNLV Special Collections,"Photograph of a horse team and freight wagons on a dirt road in the desert, 1900-1925, Las Vegas [Ferron and Bracken Photograph Collection]","Photograph of a horse team and freight wagons on a dirt road in the desert, 1900-1925, Las Vegas."
pho013039,UNLV Special Collections,"Interior view of the County Clerk's office in Las Vegas, Nevada, 1914-1916 [Elbert Edwards Photograph Collection]","An interior view of the County Clerk's office in Las Vegas, Nevada."
hln001314,UNLV Special Collections,Bracken in office (1908-05),Photograph of Walter R.
pho006889,UNLV Special Collections,"Exterior view of a bank building under construction, Las Vegas, circa 1905 -- second Squires photo album page 5 image 2 [Charles P. Squires Photograph Collection]","Exterior view of a bank building under construction, Las Vegas, circa 1905."
pho006890,UNLV Special Collections,"Exterior view of the Las Vegas Trading Company, advertising lumber, lime, cement, etc., with a horse coach in front, 1905 -- second Squires photo album page 9 image 4 [Charles P. Squires Photograph Collection]. CORRECTED 2026-08-27: previous title on this row (""Las Vegas Trading Co. / Thomas building"") was close but imprecise -- confirmed exact title/details via UNLV item page.","Exterior view of the Las Vegas Trading Company, advertising lumber, lime, cement, etc., with a horse coach in front, 1905."
pho006892,UNLV Special Collections,"Exterior view of the First State Bank, Las Vegas, 1905 -- second Squires photo album page 16 image 1 [Charles P. Squires Photograph Collection]. CORRECTED 2026-08-27: previous title on this row (""Clark's Forwarding (barrels)"") did not match this item's actual UNLV record -- confirmed via item page. If Clark's Forwarding was a separate needed image, it may still need re-identifying.","Exterior view of the First State Bank, Las Vegas, 1905."
pho023919,UNLV Special Collections,"Small building used as T.J. Osborne's Law Office, Pioche Hills, 1899-1901 [Thomas J. Osborne Photograph Collection]",Small building which was used as T.J.
snv002556,UNLV Special Collections,"Interior of San Pedro, Los Angeles and Salt Lake Railroad machine shop in Las Vegas, Nevada, estimated 1909-1910 [Charles P. Squires Photograph Collection]","Interior of San Pedro, Los Angeles and Salt Lake Railroad machine shop in Las Vegas, Nevada."
pho014697,UNLV Special Collections,Clark-Ronnow ranch (1905 to 1930),"Postcard of the Clark Ronnow Farm, circa early 1900s."
pho019910,UNLV Special Collections,"U.S. Senator William A. Clark from Montana, undated",Photograph of Senator W.
45,Digital Commonwealth,Sewer construction,"Sewer construction, Billerica, Massachusetts, ca. 1897-1912 (glass negative)."
pan.6a13942,Library of Congress,"Wide shot of Las Vegas, 1910, RR machine shops in progress","Las Vegas, Nevada (panoramic photograph)"
pho004806,UNLV Special Collections,Machine shops (1913),"Film transparency of the railroad yard, Las Vegas, 1913"
pho004893,UNLV Special Collections,Machine shops (1912 to 1914),"Photograph of the railroad yards, Las Vegas, circa 1913"
pho006079,UNLV Special Collections,Arizona Club (1905 to 1915),"Photograph of the Arizona Club, Las Vegas, Nevada, circa 1905-1915"
pho006091,UNLV Special Collections,Ice plant (1905 to 1920),"Photograph of the First State Bank of Las Vegas, Las Vegas, Nevada, circa 1905-1920"
pho006099,UNLV Special Collections,Kids outside church (1910 to 1919),"Photograph of schoolchildren and teachers, Las Vegas, Nevada, circa 1910s"
pho006181,UNLV Special Collections,"Squires (WARNING: search hit resolves to 1984-1986, likely wrong item, verify manually) (1984 to 1986)","Photograph of C. P. Squires, circa mid 1880s"
pho006198,UNLV Special Collections,"Photograph of Delphine Squires in Las Vegas during construction of Squires house at 407 Fremont St., April 1906 [Charles P. Squires Photograph Collection]","Delphine Squires during construction of the Squires house at 407 Fremont St., Las Vegas, April 1906."
pho006293,UNLV Special Collections,Ice plant intact (1905 to 1907),"Slide of the First Ice Plant in Las Vegas, circa early 1900s"
pho006296,UNLV Special Collections,Bank / W.E. Hawkins Store (1900 to 1915),"Slide of the Thomas Department Store, Las Vegas, circa early 1900s"
pho007059,UNLV Special Collections,"Stewart Ranch, Las Vegas, transparency (1900 to 1939)","Transparency of Stewart Ranch, Las Vegas, circa early 1900s"
pho007102,UNLV Special Collections,"Stewart Ranch, Las Vegas, postcard (1900 to 1939)","Postcard of Stewart Ranch, Las Vegas, circa early 1900s"
pho009778,UNLV Special Collections,Searchlight mine,"Photograph of Searchlight Mine, Searchlight, Nevada, circa 1900s-1910s"
pho009800,UNLV Special Collections,"Caliente Railroad Depot exterior, circa 1960s-1970s (CAUTION: too late for 1911 era)","Photograph of the Caliente Railroad Depot, Caliente, Nevada, circa 1960s-1970s."
pho012890,UNLV Special Collections,Saloon with burros (1905),"Postcard of ""The Boozy Burros"" bar, 1905"
pho013214,UNLV Special Collections,Clark's Forwarding (1900 to 1939),"Photograph of Ed W. Clark Forwarding Company, Las Vegas, circa early 1900s"
pho013444,UNLV Special Collections,"Photograph of a wagon hauling freight in Eldorado Canyon, circa 1911-1915 [Elbert Edwards Photograph Collection]","Photograph of Wagon hauling freight in Eldorado Canyon, Nevada, circa 1912"
pho013522,UNLV Special Collections,"Railroad machine shops, Las Vegas, circa early 1900s","Slide of railroad machine shops, Las Vegas, circa early 1900s (1900 to 1929)."
pho013953,UNLV Special Collections,Hospital tent (1904 to 1906),"Photograph of hospital, Las Vegas, circa 1905"
pho014468,UNLV Special Collections,"People in automobiles, Las Vegas, circa 1910s-1920s","Photograph of people in automobiles, Las Vegas, Nevada, circa 1910s-1920s (1910 to 1929)."
pho014576,UNLV Special Collections,Leon Rockwell (1908),"Photograph of Leon Rockwell, circa 1908"
pho014952,UNLV Special Collections,Machine shops (1910 to 1919),"Photograph of railroad yards, Las Vegas, circa 1910s"
pho016862,UNLV Special Collections,Techatticup Mine,"Photograph of Techatticup Mine in El Dorado Canyon, circa early to mid 1900s"
pho017630,UNLV Special Collections,RR yards (1905 to 1915),"Photograph of the railroad yard, Las Vegas, circa 1910"
pho017706,UNLV Special Collections,"Harvest at J.I. Earl farm, Bunkerville, NV, 1905",Harvest at J.I.
pho017850,UNLV Special Collections,"Main Street, Caliente (1900 to 1910)","Photograph of Main Street, Caliente, Nevada, circa early 1900s"
pho018411,UNLV Special Collections,"Electrical line installation near mine, Candelaria, NV, undated","Photograph of electrical line installation near mine, Candelaria, Nevada, undated (1900 to 1930)."
pho019795,UNLV Special Collections,Train engine w/ construction (script cites Jan 1909 headline -- verify) (1911-10-10),"Photograph of Goldfield Engine House, Nevada, October 10, 1911"
pho019942,UNLV Special Collections,"Camping, drinking beer, group smiling","Photograph of people camping on Las Vegas Creek, 1880 - early 1900s"
pho019972,UNLV Special Collections,Baseball team (Unknown year in the decade of the 1910s),"Black-and-white photograph of baseball team, Las Vegas (Nev.), 1910s"
pho020087,UNLV Special Collections,"Empty desert (WARNING: resolves 1920-1929, script wants ~1910, verify) (1920 to 1929)","Photograph of road construction, 1920s"
pho021842,UNLV Special Collections,"Photograph of Senator William A. Clark, circa 1890s [Junior League of Las Vegas Photograph Collection]",Black and white portrait of Senator William A.
pho023367,UNLV Special Collections,"Photograph of Lincoln County Court House, Pioche (Nev.), 1872 -- POST NO BILLS signage [Campbell Family Photograph Collection]","Lincoln County Court House, Pioche, Nevada, 1872."
pho023809,UNLV Special Collections,"Automobile excursion, Goodsprings NV, 1910s (Chamber of Commerce Excursion)","Photograph of automobile excursion, Goodsprings, Nevada, 1910s."
pho023812-001,Western Mining History,"Postcard of Searchlight, NV, 1907 (front) - low priority","Searchlight, Nevada ca. 1910"
pho023866,UNLV Special Collections,"Photograph of an aerial view of Pioche (Nev.), early 1900s [John Janney Photograph Collection on Pioche, Nevada]","Photograph of an aerial view of Pioche (Nev.), early 1900s"
pho023868,UNLV Special Collections,"Photograph of an aerial view of Pioche (Nev.), early 1900s [John Janney Photograph Collection on Pioche, Nevada]","Photograph of an aerial view of Pioche (Nev.), early 1900s"
pho023869,UNLV Special Collections,"Photograph of a baseball field, Pioche (Nev.), early 1900s [John Janney Photograph Collection on Pioche, Nevada]","Photograph of a baseball field, Pioche (Nev.), early 1900s"
pho023870,UNLV Special Collections,"Photograph of Henry Lee and others, Pioche (Nev.), 1890-1910 [John Janney Photograph Collection on Pioche, Nevada]","Photograph of Henry Lee and others, Pioche (Nev.), 1890-1910"
pho023871,UNLV Special Collections,"Photograph of horsemen at the Newman House, Pioche (Nev.), early 1900s [John Janney Photograph Collection on Pioche, Nevada]","Photograph of horsemen at the Newman House, Pioche (Nev.), early 1900s"
pho023872,UNLV Special Collections,"Photograph of the Alamo Club, Pioche (Nev.), 1934 [John Janney Photograph Collection on Pioche, Nevada]","Photograph of the Alamo Club, Pioche (Nev.), 1934"
pho023873,UNLV Special Collections,"Photograph of the Price House, Pioche (Nev.), early 1900s [John Janney Photograph Collection on Pioche, Nevada]","Photograph of the Price House, Pioche (Nev.), early 1900s"
pho023874,UNLV Special Collections,"Photograph of Henry Lee, Pioche (Nev.), early 1900s [John Janney Photograph Collection on Pioche, Nevada]","Photograph of Henry Lee, Pioche (Nev.), early 1900s"
pho023878,UNLV Special Collections,"Photograph of mines, Pioche (Nev.), early 1900s [John Janney Photograph Collection on Pioche, Nevada]","Photograph of mines, Pioche (Nev.), early 1900s"
pho023880,UNLV Special Collections,"Photograph of hillside mines, Pioche (Nev.), early 1900s [John Janney Photograph Collection on Pioche, Nevada]","Photograph of hillside mines, Pioche (Nev.), early 1900s"
pho025129,UNLV Special Collections,Saloon interior (Caliente) (1900 to 1930),"Photograph of saloon interior, Caliente (Nev.), 1900-1930"
pho025819,UNLV Special Collections,County Commissioner W.E. Hawkins (1913 to 1919),"Photograph of W.E. Hawkins, Las Vegas (Nev.), 1913-1919"
pho026753,UNLV Special Collections,Basic Magnesium future plant site (context: near Stewart Ranch imagery search) (1942-03-26),"Future site of Basic Magnesium Industries, image 002: photographic print"
pho031101,UNLV Special Collections,Quartette mine (1900 to 1940),Quartette Mine: photographic print
pho031198,UNLV Special Collections,Rainstorm/flood (1910 (approx) to 1930 (approx)),View of a rainstorm: photographic print
pho031199,UNLV Special Collections,Rainstorm/flood (1910 (approx) to 1930 (approx)),View of a rainstorm: photographic print
pho031617,UNLV Special Collections,Cracked mud from Meadow Valley Wash flood,Harvest at J.I.
pho032884,UNLV Special Collections,Fire truck (1910 (approx) to 1945 (approx)),Fire engine used by volunteer fire department: photographic print
pho033453,UNLV Special Collections,Early wood bank building (1900 to 1939),"The First State Bank in Las Vegas, Nevada: photographic print"
snv001103,UNLV Special Collections,"Salt Lake Depot, train on tracks (1908 (year approximate))","Photographic postcard of the Salt Lake Depot railyard, Las Vegas (Nev.), circa 1908"
snv001104,UNLV Special Collections,RR yards (1900 to 1925),"Photograph of a panoramic view of the Las Vegas railyards, Las Vegas (Nev.), 1900-1925"
snv001857,UNLV Special Collections,RR yards (1900 to 1925),"Black-and-white photograph of railyard buildings and engines, Las Vegas (Nev.), 1900-1925"
snv001921,UNLV Special Collections,RR yards (1900 to 1925),"Black-and-white photograph of the railyard, Las Vegas (Nev.), 1900-1925"
snv001925,UNLV Special Collections,RR yards (1908),"Panoramic photograph of the railyards and downtown, Las Vegas (Nev.), 1908"
snv002515,UNLV Special Collections,"Division Club photo, men w/ signs (1900 to 1925)","Photograph of a crowd gathered for the Los [sic] Vegas Democratic delegation for county division, Las Vegas (Nev.), 1900-1925"
pho007072,UNLV Special Collections,"Transparency of mule freight team, circa 1890s-1910s [Stewart (Helen J.) Photographs (PH-00104)]","The view of a mule freight team posing beside wooden buildings in a desert location possibly found in Las Vegas, Nevada."
pho007073,UNLV Special Collections,"Transparency of freight team near Las Vegas, June 1906 [Stewart (Helen J.) Photographs (PH-00104)]",A freight team traveling through the desert between Eldorado Canyon and Las Vegas in southern Nevada.
pho007141,UNLV Special Collections,"Photograph of McWilliamstown, circa 1904 -- in what would become Las Vegas [Stewart (Helen J.) Photographs]","McWilliamstown, circa 1904 -- in what would become Las Vegas."
pho012947,UNLV Special Collections,"Photograph of saloon fire, Caliente, Nevada, 1910 [Elbert Edwards Photograph Collection (PH-00214)]","Saloon fire in Caliente, Nevada, 1910."
pho013120,UNLV Special Collections,"Photograph of Denver Dickerson, Nevada, circa 1908-1910 [Elbert Edwards Photograph Collection (PH-00214)]",Acting Nevada Governor Denver S.
pho028388,UNLV Special Collections,"Possible Goldfield fire ruins: photographic print [C. A. Earle Rinker Photograph Collection of Goldfield, Nevada (PH-00350)]","Unidentified location, looks like ruins from a fire (possibly Goldfield, Nevada)."
snv000187,UNLV Special Collections,"Photograph of a power plant for a mill, Goldfield (Nev.), early 1900s [C. A. Earle Rinker Photograph Collection of Goldfield, Nevada (PH-00350)]","A power plant for a mill, Goldfield, Nevada, early 1900s."
snv000210,UNLV Special Collections,"Photograph of Goldfield Hotel fire (Nev.), November 17, 1906 [C. A. Earle Rinker Photograph Collection of Goldfield, Nevada (PH-00350)]","Hotel Goldfield destroyed by fire, November 17, 1906."
pho023832,UNLV Special Collections,"Postcard of Lincoln County Courthouse, Pioche (Nev.), 1930s [James Hulse Photograph Collection on Pioche, Nevada (PH-00133)]","View of Lincoln County Courthouse, Pioche, Nevada."
snv000636,UNLV Special Collections,"Photograph of pedestrians in front of the Charles D. Marriage Assay office, Pioche (Nev.), 1907 [Lincoln County Museum Photograph Collection]",Photograph of pedestrians in front of the Charles D.
D99999_539,UNLV Special Collections,"Nevada State Capitol building in Carson City, Nevada: photographic print. On photograph printed ""John Nulty photography"", 1930-1970 [Walking Box Ranch Photograph Collection].","Nevada State Capitol building in Carson City, Nevada: photographic print"
D99999_590,UNLV Special Collections,"Aerial view of the Nevada Capitol building: photographic print. Copyright stamp on back ""Photo by John Nulty"", 1930-1970 [Walking Box Ranch Photograph Collection].",Aerial view of the Nevada Capitol building: photographic print
pho006145,UNLV Special Collections,"Photograph of Ed Clark, circa early to mid 1900s [Squires Family Photographs (PH-00002)]","Ed Clark, circa early to mid 1900s."
pho007074,UNLV Special Collections,"Transparency of freight team near Las Vegas, June 1906 [Stewart (Helen J.) Photographs (PH-00104)]",A view of a freight team in the desert between Eldorado Canyon and Las Vegas in southern Nevada.
pho007216,UNLV Special Collections,"Photograph of mule freight team, circa 1890s-1910s [Stewart (Helen J.) Photographs (PH-00104)]","A mule freight team in a desert location, possibly located in Las Vegas, Nevada."
snv002133,UNLV Special Collections,"Photograph of miners inside the Techatticup Mine (Nev.), 1900-1925 [UNLV Special Collections]",Caption: (John Hughes) In one of the S.W.M.
pho024780,UNLV Special Collections,"Photograph of William Beckley at the register in his clothing store, Las Vegas (Nev.), circa 1909 [Beckley Family Photograph Collection (PH-00148)]","William Beckley at the register in his clothing store, Las Vegas, Nevada, circa 1909."
pho013129,UNLV Special Collections,"Photograph of governor's mansion, Carson City, Nevada, circa 1908-1909 [Elbert Edwards Photograph Collection (PH-00214)]","Nevada Governor's Mansion, Carson City, built at a cost of $22,700; later renovated with private funding."
snv000320,UNLV Special Collections,"Photograph of the Goldfield Hotel fire, Goldfield (Nev.), November 17, 1906 [C. A. Earle Rinker Photograph Collection of Goldfield, Nevada (PH-00350)]","The Goldfield Hotel fire, Goldfield, Nevada, November 17, 1906."
pho014432,UNLV Special Collections,"Photograph of a footrace, Las Vegas, Nevada, July 4, 1907 [Leon Rockwell Photograph Collection (PH-00008)]","A footrace in Las Vegas, Nevada, July 4, 1907."
pho014206,UNLV Special Collections,"Photograph of early Las Vegas stores, Las Vegas, circa 1900s [Sherwin ""Scoop"" Garside Photographs (PH-00067)]","Stores in early Las Vegas including Nevada Meat Market, Royal Restaurant, and the W.E."
pho033930-002,UNLV Special Collections,"People in a wagon in the woods, Mt. Charleston",Wilson and Park families camping near Mt.
Snv001051,UNLV Special Collections,"Tonopah mine, 1908","Photograph of the Tonopah Extension Mine Shaft No. 1, Tonopah (Nev.), 1908."
churchseries22_2835,Unidentified (needs repository verification),"Hand-tinted postcard No. 5010, ""Mill Street, Reno, Nevada."" Street scene, early 1900s-1910s. Filename suggests UNR Special Collections (James Edward Church Papers, Series 22) but source page unconfirmed (site requires captcha) -- also note: depicts Reno, not Las Vegas","Mill Street, Reno, Nevada (postcard No. 5010)"
pho033930-003,UNLV Special Collections,Woman near the tent,Wilson and Park families camping near Mt.
hln000124,UNLV Special Collections,"Men laying sewer pipe, Boulder City, ca. 1931","Men laying sewer pipe in Boulder City, circa 1931-1935."
pho023136,UNLV Special Collections,"Sewer construction, Boulder City","Workers digging trench for sewer line, Boulder City, Nevada, circa 1933."
Pho023137,UNLV Special Collections,"Sewer construction, Boulder City","Trench backfilling, Boulder City, Nevada, circa 1933."
hln000313,UNLV Special Collections,"Men laying sewer pipe, Boulder City","Irrigation pipe hanging over the banks of the Muddy River, Moapa Valley, Nevada, 1948."
hln000338,UNLV Special Collections,"Men laying sewer pipe, Boulder City","Exposed sewer pipe in Pittman, Nevada, April 27, 1944 -- about 500 feet upstream from outlet, showing open joints and uneven grade/alignment."
hln000340,UNLV Special Collections,"Men laying sewer pipe, Boulder City","Outlet of 4-inch concrete sanitary sewer in Pittman, Nevada, April 27, 1944, near Midway Casino."
hln000423,UNLV Special Collections,"Men laying sewer pipe, Boulder City","Dirt road with sewer seepage in Pittman, Nevada, March 30, 1945, looking south towards Basic Magnesium and Railroad Pass."
pho005819,UNLV Special Collections,"Sewer construction, Boulder City","White truck belonging to Will Berg hauling pipe for the Round Mountain, Nevada town water system, probably 1920s (Nye County Photograph Collection)."
1a34194,Library of Congress,Crates of peaches,"Crates of peaches in the orchard, Delta County, Colo."
3c37464,Library of Congress,"Eva wells, 1910 (low priority)","Eva Wells, Las Vegas, Nevada"
campphotoscollection:5367,University of Nevada Reno,campphotoscollection:5367 Downtown Reno,Downtown Reno
hln000094,UNLV Special Collections,Gushing well (Unknown year in the decade of the 1900s (year approximate)),"Photograph of a gushing artesian well in the Las Vegas Valley, circa early 1900's"
pho004120,UNLV Special Collections,Street w/ construction (1910),"Photograph of Las Vegas, 1910"
pho004752,UNLV Special Collections,"Squires family at his mine, Mt. Charleston, 1912","Film transparency of Olive Lake, Herbert Squires, and Charles P. Squires, Mount Charleston, Nevada, 1912"
pho014336,UNLV Special Collections,Street construction (1909 to 1910),"Photograph of Las Vegas, circa 1909-1910"
pho016723,UNLV Special Collections,Mesquite grocery and other shops,"Photograph of shops on Las Vegas street, circa early 1900s"
pho017616,UNLV Special Collections,Von Tobel inspecting supply wagon (Unknown year in the decade of the 1900s),"Photograph of Jake Beckley, partner with Ed Von Tobel, Sr., next to supply wagon, Las Vegas, 1900s"
snv001117,UNLV Special Collections,"Las Vegas School, 1910, kids and teachers outside","Photograph of students and teachers posing on the steps of the Las Vegas School, Las Vegas (Nev.), 1910"
