catalog_id,archive,current_caption,NEW_caption,NEW_description,NEW_editor_note,NEW_collection,NEW_archive_subjects
16322,Utah Historical Society,Rio Grande Western Railroad P.29,"Castle Gate, Utah",,,Utah State Historical Society -- Classified Photograph Collection,Railroads; Railroad tracks; Railroad locomotives; Railroad cars; Railroad passenger cars; Men; Railroad employees; Passengers; Railroad travel; Rio Grande Western Railway Company
17638,Utah Historical Society,"Men and little boy posed by train, 1908",Bingham & Garfield Railroad / Bingham and Garfield Railroad.,Engine 200. Photographer: G.L. Beam. Donor: J.L. Ozment.,,Utah State Historical Society -- Classified Photograph Collection,Railroads; Railroad tracks; Railroad locomotives; Mine railroad cars; Mining; Copper industry; Copper mining; Bingham & Garfield Railway; Utah Copper Co.
18498,Utah Historical Society,Wagons -- Freighting P.32,Wagons -- Freighting. Donor: John Duder.,,,Utah State Historical Society -- Classified Photograph Collection,Men; Horses; Horse teams; Horse-drawn vehicles; Carts & wagons; Carts and wagons; Railroads; Railroad stations; Railroad freight cars; Railroad tracks; Railroad shops & yards; Freight and freightage; Horses--Equipment and supplies
21339,Utah Historical Society,"RR shops construction, 1905, foundation/workers/tracks, Idaho","Pocatello, Ida., steel car shop under construction, 1905.",Credit: Fred Tydeman. Donor-M.H. Ferrell.,,Utah State Historical Society -- Classified Photograph Collection,Railroads; Railroad shop construction; Construction workers
22256,Utah Historical Society,"SLC, LA Limited train, 1905",Union Pacific Railroad 22256 Los Angeles Limited.,"Awaiting for arrival, Dec. 19, 1905. Shipler Photograph #2004",,Utah State Historical Society -- Classified Photograph Collection,Railroads; Union Pacific Railroad; Los Angeles Ltd.
22257,Utah Historical Society,"SLC, LA Limited train, 1905 (more steam)",Union Pacific Railroad Los Angeles Limited 22257.,"Arrival of the Los Angeles Limited on Dec. 19, 1905 in Salt Lake City. Shipler Photograph #2005",,Utah State Historical Society -- Classified Photograph Collection,Railroads; Union Pacific Railroad; Los Angeles Ltd.
22582,Utah Historical Society,"TRAIN - Crowds of people, some dressed up, 5/1/1905","First San Pedro, Los Angeles and Salt Lake train for Los Angeles, May 1, 1905.",Shipler Photog. #1518.,,Utah State Historical Society -- Classified Photograph Collection,"Railroads; San Pedro, Los Angeles and Salt Lake Railroad; Trains; Locomotive"
22583,Utah Historical Society,"Crowds of people, some dressed up, 5/1/1905","First San Pedro, Los Angeles and Salt Lake train for Los Angeles, May 1, 1905.",Shipler Photog. #1518.,,Utah State Historical Society -- Classified Photograph Collection,"Railroads; San Pedro, Los Angeles and Salt Lake Railroad; Trains; Locomotives; Railway workers"
22584,Utah Historical Society,Empty dining car,"San Pedro, Los Angeles and Salt Lake train (1st to L.A.) dining car, May 1, 1905.",Shipler Photog. #1519.,,Utah State Historical Society -- Classified Photograph Collection,"Railroads; San Pedro, Los Angeles and Salt Lake Railroad; Dining cars"
22585,Utah Historical Society,"RR dining car interior, people dressed up, 1905-6 (Peter Buol as cook)","San Pedro, Los Angeles and Salt Lake dining car, June, 1905.",Shipler Photog. #1524.,,Utah State Historical Society -- Classified Photograph Collection,"Railroads; San Pedro, Los Angeles and Salt Lake Railroad; Dining cars"
22586,Utah Historical Society,SP LA SL Railroad cooks pose outside rail car,"San Pedro, Los Angeles and Salt Lake dining car with waiters, May, 1905.",Shipler Photog. #1525.,,Utah State Historical Society -- Classified Photograph Collection,"Railroads; San Pedro, Los Angeles and Salt Lake Railroad; Dining cars; Railway workers; Train cars"
22587,Utah Historical Society,Saltair Depot P.3,"Crowd at the Saltair Depot, June 29, 1909.",Shipler Photo. #9451,,Utah State Historical Society -- Classified Photograph Collection,Depots & Warehouses; Saltair Railway Company; Railroad stations; Railroad cars
23302,Utah Historical Society,"Denver & Rio Grande Western Railroad Station, SLC P.54",Denver & Rio Grande Western RR ticket office.,"June 9, 1908. Shipler: Donor & Neg. #8384 (11x14)",,Utah State Historical Society -- Classified Photograph Collection,"Depots & Warehouses; Denver and Rio Grande Railroad Company; Denver & Rio Grande Western Railroad Station, SLC; Railroad tickets"
23501,Utah Historical Society,"Denver & Rio Grande Western Railroad Station, SLC P.53",(11x14 G.N.) Interior of the Denver & Rio Grande Western RR ticket office.,"June 6, 1908. 301 South Main Street-Judge Building. Shipler: Donor & Photo. #8381",,Utah State Historical Society -- Classified Photograph Collection,"Depots & Warehouses; Denver and Rio Grande Railroad Company; Denver & Rio Grande Western Railroad Station, SLC; Railroad tickets"
25049,Utah Historical Society,"San Pedro, Los Angeles & Salt Lake RR P.11","San Pedro, Los Angeles and Salt Lake Railroad window.","Mar. 13, 1910. Shipler Commercial Photographers #10406.",,Utah State Historical Society -- Classified Photograph Collection,"Railroads; San Pedro, Los Angeles and Salt Lake Railroad; Railway Ticket offices"
27082,Utah Historical Society,"Ely, Nevada P.18","Stagecoach, Ely, Nevada, Railroad Day, Sept., 1906.",Shipler Comm. Photog. #2311.,,Utah State Historical Society -- Classified Photograph Collection,Nevada; Nevada Northern Railway; Stagecoach (Nev.); Railroads
2714858,Utah Historical Society,Double coal house for company dwellings,"San Pedro, Los Angeles and Salt Lake Railroad ; Salt Lake Division ; Double Coal House for Company Dwellings","Black and white drawing of San Pedro, Los Angeles and Salt Lake Railroad, Salt Lake Division, Double Coal House for Company Dwellings. 1905.",,Utah Historical Society -- Utah Historical Society Railroad Map Collection,"San Pedro, Los Angeles and Salt Lake Railroad Company; Engineering drawings--1900-1910; Railroads--1900-1910; Coal Storage; Coal chutes (Railroads); Railroad--Storage tanks"
2714859,Utah Historical Society,"Corrugated pipe siphon, 1910","San Pedro, Los Angeles and Salt Lake Railroad ; Salt Lake Division ; Corrugated Iron Pipe Syphon","Black and white drawing of San Pedro, Los Angeles and Salt Lake Railroad, Salt Lake Division, Corrugated Iron Pipe Syphon. 1910.",,Utah Historical Society -- Utah Historical Society Railroad Map Collection,"Railroads--1900-1910; San Pedro, Los Angeles & Salt Lake Railroad Company; Railroad--Corrugated pipe; Railroad--Storage tanks; Manholes"
27871,Utah Historical Society,"Bamberger Line property, April 21, 1907 (Bamberger Railroad P.15)","Bamberger Line property, April 21, 1907.",Shipler Commercial Photography #2814.,,Utah State Historical Society -- Classified Photograph Collection,Railroads; Railroad tracks; Railroad construction & maintenance; Men; Railroad construction workers; Horses; Bamberger Railroad Company; Salt Lake & Ogden Railway
29430,Utah Historical Society,"Man sleeping in train car, 1913","D & RGRR man on train at Soldier Summit, Mar. 28, 1913.",Shipler Comm. Photog. #14468,,Utah State Historical Society -- Classified Photograph Collection,Railroads; Denver & Rio Grande Railroad; Train Car interiors
29902,Utah Historical Society,"Crowd of men and women with baggage waiting for train, 1910",First trains out of Salt Lake at the new Denver & Rio Grande Western Railroad train at Salt Lake City Depot.,"August 20, 1910. Shipler Commercial Photographers #28 Series 2",,Utah State Historical Society -- Classified Photograph Collection,Depots & Warehouses; Denver & Rio Grande Western Railroad; Railroad Station; Railroad passengers
29903,Utah Historical Society,"Crowd of men and women with baggage, facing away from train, 1910",First trains out of the new Denver & Rio Grande Western Railroad Depot.,"Salt Lake City. Getting off the trains. August 20, 1910. Shipler Commercial Photographers #29, Series 2",,Utah State Historical Society -- Classified Photograph Collection,Depots & Warehouses; Denver & Rio Grande Western Railroad; Railroad Stations; Trains; Railroad passengers
29904,Utah Historical Society,"Train station, crowd of men in hats, 1910, SLC",Western Pacific Railroad opening at the new Denver & Rio Grande Western Railroad Depot.,"Salt Lake City, August 19, 1910. Shipler Commercial Photographers #30 Series 2",,Utah State Historical Society -- Classified Photograph Collection,Depots & Warehouses; Denver & Rio Grande Western Railroad; Western Pacific Railroad; Railroad Depots; Depot openings
29905,Utah Historical Society,"Train station waiting room, group of men outside, 1910, SLC",Western Pacific Railroad opening at the new Denver & Rio Grande Western Railroad Depot.,"Salt Lake City, August 19, 1910. Shipler Commercial Photographers #31 Series 2",,Utah State Historical Society -- Classified Photograph Collection,Depots & Warehouses; Denver & Rio Grande Western Railroad; Western Pacific Railroad; Railroad Stations; Depot openings; Railroad Officials
455340,Utah Historical Society,"Workmen on tracks, 1900","Central Pacific Railroad grade and bridge over Bear River at Corinne, looking east.",Wasatch Range can be seen in background. Photograph taken circa 1900. Gift of: Bernice Gibbs Anderson. Crockwell Photography.,,Utah State Historical Society -- Classified Photograph Collection,Railroads; Railroad tracks; Men; Children; Boys; Railroad employees; Railroad construction workers; Railroad construction & maintenance; Utility poles; Central Pacific Railroad Company; Bear River (Utah-Idaho)
455533,Utah Historical Society,"Denver and Rio Grande Western RR, east-bound train #6 crossing Soldier Summit, 1910 (D&RGW R.R. P.7)","Denver and Rio Grande Western RR, east-bound train #6, crossing the divide at Soldier Summit, 1910.",Four header and one rear helper. Originally the grades were four percent. Inglesby Collection. Shipler Photography.,,Utah State Historical Society -- Classified Photograph Collection,Railroads; Railroad tracks; Railroad locomotives; Railroad cars; Railroad passenger cars; Railroad travel; Denver and Rio Grande Western Railroad Company
511,Utah Historical Society,"Bamberger Railroad -- Cable Gang, Lagoon, Summer 1909 (Bamberger Railroad P.1)","Taken at the old main entrance of Lagoon, Summer 1909.",Electrical cable crew of Bamberger Electric Railroad. Electrical installations were not completed until 1910. Back right: Straw Boss. Gift of Grant Wirt Soule.,,Utah State Historical Society -- Classified Photograph Collection,"Railroads; Men; Railroad construction workers; Railroad construction & maintenance; Utility poles; Bamberger Railroad Company; Salt Lake & Ogden Railway; Lagoon (Farmington, Utah)"
750,Utah Historical Society,"San Pedro, Los Angeles & Salt Lake RR P.2","At the Union Pacific Depot in Salt Lake City, August, 1910.","Man on the right, Frank Dearman. Gift of: Robert W. Edwards.",,Utah State Historical Society -- Classified Photograph Collection,"Railroads; Dearman, Frank; San Pedro, Los Angeles and Salt Lake Railroad; Union Pacific Depot; Trains; Railroad yards; Railway stations; Locomotives; Railway workers"
2012646311,Library of Congress,"Mary's Dance Hall, Goldfield, Nevada, 1907","Mary's dance hall, Goldfield, Nevada.","Copyright 1907 by Paul E. Kennedy, Goldfield, Nev.","Strong period Nevada match for the 'dancing during the period' request tied to garbage collector Mr. Colson, who loved to dance. Library of Congress. No known restrictions on publication.",,Goldfield Nevada; Dance hall; 1907; Paul E. Kennedy; Library of Congress; Public Domain; Dancing
pho004103,UNLV Special Collections,"Las Vegas Ranch, Las Vegas, Nevada, circa 1905 (dated 1904 to 1906). Union Pacific Railroad Company.",Black and white image of the Las Vegas Ranch.,"The sign on the small wooden building reads: ""Las Vegas Ranch; Stores, Hotel, & Post Office."".",,Union Pacific Railroad Photographs,"Las Vegas Ranch; Las Vegas Nevada; Union Pacific Railroad; 1905; UNLV Special Collections; Post Office; Hotel; Stores, Retail; Postal service; Hotels; Wooden-frame buildings"
2014696545,Library of Congress,"Gov. Oddie at USS Nevada launching, July 11, 1914 (exposure a)","Secretary of the Navy Josephus Daniels, Eleanor Siebert, and Nevada Governor Tasker Oddie at the launching of the USS Nevada, July 11, 1914.","Photographer: Bain News Service. Library of Congress, LC-DIG-ggbain-16569. No known restrictions on publication.",,,Tasker Oddie; Nevada; Governor of Nevada; USS Nevada; Josephus Daniels; Eleanor Siebert; Bain News Service; Library of Congress; Ship Launching; 1914; Public Domain; United States Navy
2014696546,Library of Congress,"Gov. Oddie at USS Nevada launching, July 11, 1914 (exposure b)","Secretary of the Navy Josephus Daniels, Eleanor Siebert, and Nevada Governor Tasker Oddie at the launching of the USS Nevada, July 11, 1914.","Photographer: Bain News Service. Library of Congress, LC-DIG-ggbain-16570. No known restrictions on publication.",,,Tasker Oddie; Nevada; Governor of Nevada; USS Nevada; Josephus Daniels; Eleanor Siebert; Bain News Service; Library of Congress; Ship Launching; 1914; Public Domain; United States Navy
2016860954,Library of Congress,"Tasker Oddie, Senator, portrait","Tasker Oddie, U.S. Senator from Nevada.","Portrait, between 1905 and 1945. Photographer: Harris & Ewing. Library of Congress, LC-DIG-hec-19895. No known restrictions on publication.",,,Tasker Oddie; Nevada; United States Senator; Harris and Ewing; Library of Congress; Portrait; Public Domain; Politician
2016864143,Library of Congress,"Tasker Oddie, Governor of Nevada, portrait, 1912, Standing","Tasker Lowndes Oddie, Governor of Nevada (1911-1915) and U.S. Senator (1921-1933).","Portrait, 1912. Photographer: Harris & Ewing. Library of Congress, LC-DIG-hec-01757. No known restrictions on publication.",,,Tasker Oddie; Nevada; Governor of Nevada; Harris and Ewing; Library of Congress; Portrait; 1912; Public Domain; Politician
2007662543,Library of Congress,"Alfalfa fields, Las Vegas, Nevada, 1910","Alfalfa fields, Las Vegas, Nevada.","Copyright deposit, West Coast Art Co., November 25, 1910. Panoramic view of farmland/countryside around Las Vegas -- matches the script's request for early-1900s farming/countryside imagery (originally sought for LA, this is an even more direct Las Vegas-specific match). Library of Congress, reproduction number J148101. No known restrictions on publication.",,,Las Vegas Nevada; Alfalfa fields; Farming; 1910; West Coast Art Co; Library of Congress; Public Domain; Countryside
pho018500,UNLV Special Collections,"Aerial photograph of Pioche, Nevada, 1870-1889 (Million Dollar Courthouse visible)","An aerial view of Pioche, Nevada during its silver mining boom.","The ""Million Dollar"" Courthouse is the two-story brick building just to the right of the center of the photo. Buildings identified as a bakery and a restaurant are also seen.",,Nevada Mining Photograph Collection,Pioche Nevada; Aerial view; Million Dollar Courthouse; 1870-1889; Silver mining; UNLV Special Collections; Aerial views; Cities and towns; Mountains
2003665483,Library of Congress,"Reading room, 10-cent lodging house, Bowery, NYC, c. 1908",New York City. Reading room in 10-cent lodging house on the Bowery -- nine men reading newspapers.,"Between 1908 and 1909. George Grantham Bain Collection. Library of Congress, LC-USZ62-72456. No known restrictions on publication. Note: not LA-specific, but a strong period 'men reading newspapers' match.",,,Reading newspapers; Bowery; New York City; 1908; Bain Collection; Library of Congress; Public Domain
pho019905,UNLV Special Collections,"Delamar, Nevada, 1907 (panorama)","Panorama of Delamar, Nevada, 1907.","NOTE: UNLV's own item title/description field mislabels this 'Del Mar, California' -- the collection's Source field and the finding aid both correctly identify it as Delamar, Nevada, a Lincoln County mining town (matches Physical Identifier 0033_0001). UNLV Special Collections, Nevada Historical Society Photograph Collection, Digital ID pho019905.",,,Delamar Nevada; Panorama; 1907; Lincoln County Nevada; Nevada mining town; UNLV Special Collections; Nevada Historical Society
pho019906,UNLV Special Collections,"Photograph of Tonopah, Nevada, 1906 (aerial view including red light district)","Black and white photograph of Tonopah, Nevada, looking over the city, including the red light district.",,,Nevada Historical Society Photograph Collection,Tonopah Nevada; 1906; Aerial view; Nevada mining town; UNLV Special Collections; Nevada Historical Society; Tonopah (Nev.); Cities and towns; Aerial views
pho019911,UNLV Special Collections,"Governor Emmett D. Boyle of Nevada signing resolution for the Nineteenth Amendment, 1920 February 07","Governor Emmett D. Boyle of Nevada signing resolution for ratification of the 19th Amendment to the U.S. Constitution, Carson City, Nevada, February 7, 1920.","Also pictured: Mrs. Sadie D. Hurst, who presented the resolution; Speaker of the Assembly D. J. Fitzgerald; and a group of suffrage women. UNLV Special Collections, Nevada Historical Society Photograph Collection, Digital ID pho019911.",,,Emmett D. Boyle; Nineteenth Amendment; Womens Suffrage; Carson City Nevada; 1920; Sadie Hurst; Nevada Governor; UNLV Special Collections
pho019912,UNLV Special Collections,"Anne Martin campaign for U.S. Senate, approximately 1918-1920","Anne Martin and three unidentified women in an automobile campaigning for the U.S. Senate election, approximately 1918-1920.","Martin was the first American woman to run for U.S. Senate. UNLV Special Collections, Nevada Historical Society Photograph Collection, Digital ID pho019912.",,,Anne Martin; U.S. Senate campaign; Womens Suffrage; 1918-1920; Political campaign; Nevada; UNLV Special Collections
pho019916,UNLV Special Collections,"Pioche, Nevada, 1906 (street scene, Bank of Pioche)","Street scene, Pioche, Nevada, including Bank of Pioche, Inc. and a saloon, circa 1905-1907.","UNLV Special Collections, Nevada Historical Society Photograph Collection, Digital ID pho019916.",,,Pioche Nevada; 1906; Bank of Pioche; Street scene; Nevada Historical Society; UNLV Special Collections
pho019917,UNLV Special Collections,"Pioche, Nevada, 1906 (street scene, Clark's Place)",Street scene of Pioche including Clark's Place and S. Thompson General Merchandise.,,,Nevada Historical Society Photograph Collection,Pioche Nevada; 1906; Street scene; Nevada Historical Society; UNLV Special Collections; Cities and towns; Horses; Streets
pho023005,UNLV Special Collections,"Bullionville & Pioche Railroad Grade in Condor Canyon, Nevada, 1915-1917",Bullionville and Pioche Railroad Grade tracks running through Condor Canyon.,,,Lincoln County Museum Photograph Collection,Bullionville Nevada; Pioche Nevada; Condor Canyon; Railroad; Lincoln County Nevada; 1915-1917; UNLV Special Collections; Railroad tracks; Railroads; Canyons; Trees; Mountains
2013647219,Library of Congress,"Telephone operator at work (switchboard), c. 1922",Telephone operator at work -- a young woman seated at a switchboard.,"Copyright 1922 by J. F. Anderson, St. Marie's, Idaho. Library of Congress, LC-USZ62-38568. No known restrictions on publication. Note: generic switchboard photo, not Nevada-specific, and dated later (1922) than the script's circa-1909 timeframe -- use as a loose period stand-in only.",,,Telephone switchboard; Telephone operator; 1922; J.F. Anderson; Library of Congress; Public Domain; Loose match
nv0072,Library of Congress (HABS),"Old Lincoln County Courthouse (Million Dollar Courthouse), Pioche, NV","Old Lincoln County Courthouse, Pioche, Lincoln County, NV.",Historic American Buildings Survey documentation.,,Library of Congress — no known restrictions on images made by the U.S. Government,Pioche Nevada; Lincoln County Courthouse; Million Dollar Courthouse; Historic American Buildings Survey; HABS; Library of Congress; Public Domain; 1872; Courthouses; Brick Buildings; Law & Legal Affairs
2012648308,Library of Congress,"Goldfield, Nevada street scene, c. 1907","Street scene, Goldfield, Nevada, a Nevada mining boomtown of the same era and building style as early Las Vegas.","Copyright 1907 by Waldon Fawcett, Washington, D.C. Library of Congress, LC-USZ62-13348. No known restrictions on publication.",,,Goldfield Nevada; Nevada mining town; Waldon Fawcett; 1907; Nevada boomtown; Library of Congress; Public Domain; Wood buildings
snv002501,UNLV Special Collections,Wagon train / 16-horse team passing Las Vegas Bank & Trust (1905),"Sixteen horse team passing by the Las Vegas Bank & Trust Co., Las Vegas (Nev.), 1905.",Supply wagon on Wilson Street within the McWilliams' Las Vegas Townsite.,,UNLV Special Collections,
snv002550,UNLV Special Collections,"McWilliams' Townsite, group of men outside businesses (1905)","Group of men outside businesses in the McWilliams' Townsite, Las Vegas (Nev.), 1905.",Las Vegas Bank & Trust Company and Las Vegas Drug Company visible.,,UNLV Special Collections,
snv000705,UNLV Special Collections,"Samuel Newhouse's party waiting in Caliente for private car to Salt Lake, 1906 [Lincoln County Museum Photograph Collection]","Photograph of the Newhouse party at Caliente Depot, Caliente (Nev.), 1906","Samuel Newhouse's party waiting in Caliente for a private car to Salt Lake, 1906. Physical ID 0119 0012. Lincoln County Museum Photograph Collection, UNLV Special Collections (Southern Nevada: The Boomtown Years 1900-1925 digital project).",,,Caliente Railroad Depot; railroad stations; Samuel Newhouse; 1906; Lincoln County Museum Collection
snv000706,UNLV Special Collections,"Photograph of the Samuel Newhouse party in Caliente departing for Salt Lake City, Caliente (Nev.), 1906 -- companion image to snv000705, same event [Lincoln County Museum Photograph Collection]","Samuel Newhouse's party in Caliente departing for Salt Lake City, 1906 -- companion image to snv000705 (same event, adjacent Physical ID 0119 0013).","Lincoln County Museum Photograph Collection, UNLV Special Collections (Southern Nevada: The Boomtown Years 1900-1925 digital project).",,,Caliente Railroad Depot; railroad stations; private railroad cars; Samuel Newhouse; 1906; Lincoln County Museum Collection
pho014116-006,UNLV Special Collections,"Photograph album 2, Charles P. Squires Collection, page 6, circa 1910-1920 -- album page with 3 photos: group with horse wagon in front of San Pedro Los Angeles & Salt Lake Railroad boxcars; stone building in desert with woman in doorway; row of weathered shacks","Photograph album 2, Charles P. Squires Collection, circa 1910-1920, page 6","Album page with three mounted photographs: (1) A group of six people and a horse-drawn wagon posed in front of San Pedro, Los Angeles & Salt Lake Railroad (S.P.L.A.&S.L.) boxcars; (2) a small stone building in the desert with a woman standing in the doorway, mountains in background; (3) a row of weathered wooden and stone shacks/outbuildings. Charles P. 'Pop' Squires Collection, circa 1910-1920 (year approximate).",,,Charles P. Squires; Squires Collection; San Pedro Los Angeles Salt Lake Railroad; railroad; 1910s; Las Vegas
pho013038,UNLV Special Collections,Ed Clark age 25 / Forwarding Company (1904 to 1906),"Photograph of Ed. W. Clark Forwarding Company, Las Vegas, circa 1905.",Exterior view of Ed. W. Clark Forwarding Company.,,UNLV Special Collections,
pho025987,UNLV Special Collections,Methodist Church (curfew bell reference),"Photograph of back of First Methodist Church building, Las Vegas (Nev.), 1900-1925.",Located on 3rd and Bridger Streets.,,UNLV Special Collections,
AAA-7143,San Francisco Public Library,"Union Square, San Francisco, circa 1910 [San Francisco Subjects Photograph Collection, SFP 162]","Union Square, San Francisco, circa 1910.","Written on front: 'San Francisco - A park of semi-tropical beauty in the city's downtown center - Union Square. Surrounded by hotels and business houses - the Dewey Victory Monument on the left.' Negative #6492. San Francisco Subjects Photograph Collection (SFP 162), San Francisco History Center.",,,San Francisco; Union Square; Parks; Dewey Victory Monument; San Francisco Subjects Photograph Collection
AAB-6085,San Francisco Public Library,"Intersection of Sutter, Sansome and Market Streets, San Francisco, March 28, 1910 [San Francisco Subjects Photograph Collection, SFP 162]","Intersection of Sutter, Sansome and Market Streets, San Francisco, March 28, 1910.","Shows horse cars on Sutter and electric cars on Market; electric operation on the outside tracks was not permitted at that time. Creator: San Francisco News-Call Bulletin. San Francisco Subjects Photograph Collection (SFP 162), San Francisco History Center.",,,San Francisco; Market Street; Sutter Street; Streetcars; San Francisco Subjects Photograph Collection; San Francisco News-Call Bulletin
pho025988,UNLV Special Collections,"Photograph of back of First Methodist Church building, Las Vegas (Nev.) -- located at 3rd and Bridger Streets, circa 1900-1925 [Sunnie Gillette Photograph Collection]. See also pho025987 (front view).","Back of the First Methodist Church in Las Vegas, NV, located at 3rd and Bridger Streets.",,,Sunnie Gillette Photograph Collection,Methodist Church; church buildings; Las Vegas Townsite; Sunnie Gillette Collection; Methodist Church; Church buildings
pho025999,UNLV Special Collections,"Photograph of Clark County Courthouse, Las Vegas (Nev.) -- close view, circa 1900-1925 [Sunnie Gillette Photograph Collection]. See also pho025998 (other courthouse views).","Close view of the Clark County Courthouse, Las Vegas, NV.",,,Sunnie Gillette Photograph Collection,Clark County Courthouse; courthouses; Las Vegas Townsite; Sunnie Gillette Collection; Courthouses; Cities and towns--Politics and government
pho023019,UNLV Special Collections,"Photograph of a girl on a horse, Pioche (Nev.), 1907 [Lincoln County Museum Photograph Collection]","Little girl rides a black horse on a trail, Pioche, Nevada, 1907.",Transcribed from behind the photograph: 'First Day in Pioche.',,UNLV Special Collections,Horses; Children; Girls; Horsemanship; Deserts; Pioche
pho023833,UNLV Special Collections,"EXTERIOR view (front facade) of Lincoln County Courthouse, Pioche, Nevada, 1905-1951 -- winter scene, snow, bare trees, ""POST NO BILLS"" signage on facade. CORRECTED 2026-08-27: earlier note on this row said ""interiors"" -- verified by visual inspection this is an EXTERIOR shot. [James Hulse Photograph Collection on Pioche, Nevada]","View of Lincoln County Courthouse, Pioche, Nevada.",,,"James Hulse Photograph Collection on Pioche, Nevada",Lincoln County Courthouse; Pioche; courthouses; James Hulse Collection; Cities and towns; Courthouses; Buildings
pho023834,UNLV Special Collections,"Photograph of interior of courthouse, Pioche (Nev.), 1905-1951 [James Hulse Photograph Collection on Pioche, Nevada]","Interior of the Lincoln County Courthouse, Pioche, Nevada.",,,"James Hulse Photograph Collection on Pioche, Nevada",Courthouses; Furniture; Chairs; Pioche; Courthouses; Furniture; Chairs
snv000856,UNLV Special Collections,"Old Lincoln County Courthouse, Pioche, Nevada -- period caption ""Nevada's Famous $1,000,000.00 Court House,"" circa 1900-1925 [James Hulse Photograph Collection on Pioche, Nevada]","Caption: Old Lincoln County Courthouse, Pioche Nev. Nevada's Famous $1,000,000.00 Court House.",,,"James Hulse Photograph Collection on Pioche, Nevada",Lincoln County Courthouse; Pioche; Million Dollar Courthouse; James Hulse Collection; Courthouses; Architecture
pho023875,UNLV Special Collections,"Photograph of Henry Lee, Pioche (Nev.), 1890-1910 [John Janney Photograph Collection on Pioche, Nevada]",Picture of Henry Hudson Lee and his bicycle.,"Henry Lee was once a politician, cattle rancher, and an auditor for Lincoln County.",,"John Janney Photograph Collection on Pioche, Nevada",Pioche; Henry Lee; Bicycle; Lincoln County; John Janney Photograph Collection; Men; Tricycles; Portrait photography; Portraits
pho023877,UNLV Special Collections,"Photograph of mine tailings, Pioche (Nev.), early 1900s [John Janney Photograph Collection on Pioche, Nevada]",Panorama of tailings piles near the mines in Pioche.,,,"John Janney Photograph Collection on Pioche, Nevada",Pioche; Panoramas; Tailings embankments; Mining machinery; Mines and mineral resources; Mountains; Deserts; Automobiles; Pioche Hills; John Janney Photograph Collection; Panoramas; Tailings embankments; Mining machinery; Mines and mineral resources; Mountains; Deserts
pho023879,UNLV Special Collections,"Photograph of mines, Pioche (Nev.), early 1900s [John Janney Photograph Collection on Pioche, Nevada]",Panorama of mines in Pioche.,Two electric poles can be seen in the distance.,,"John Janney Photograph Collection on Pioche, Nevada",Pioche; Deserts; Cactus; Electric lines; Mining camps; Pioche Hills; John Janney Photograph Collection; Deserts; Cactus; Electric lines; Mining camps
pho023882,UNLV Special Collections,"Photograph of a mill, Pioche (Nev.), early 1900s [John Janney Photograph Collection on Pioche, Nevada]",Vertical panorama of a mill and mining machinery.,,,"John Janney Photograph Collection on Pioche, Nevada",Pioche; Mills and mill-work; Building materials; Buildings; Machinery; John Janney Photograph Collection; Mills and mill-work; Building materials; Buildings; Machinery
pcrd.1d03667,Library of Congress,"State capitol - Carson City. Library of Congress Prints and Photographs Division, postcard collection. Digital ID: pcrd 1d03667",State capitol - Carson City,"State capitol - Carson City. Library of Congress Prints and Photographs Division, postcard collection. Digital ID: pcrd 1d03667.",,,Nevada State Capitol; Carson City; postcard; Library of Congress
pho006111,UNLV Special Collections,"Photograph of Overland Hotel, Las Vegas, circa 1911 [Charles P. Squires Photograph Collection]","Photograph of Overland Hotel, Las Vegas, circa 1911.","The remains of the Overland Hotel after its 1911 fire in Las Vegas, Nevada.",,UNLV Special Collections,
pho021802,UNLV Special Collections,"Photograph of Overland Hotel after a fire, Las Vegas (Nev.), 1911 [Junior League of Las Vegas Photograph Collection]","Photograph of Overland Hotel after a fire, Las Vegas (Nev.), 1911.",People looking at the aftermath of Overland Hotel after the building caught fire.,,UNLV Special Collections,
pho023728,UNLV Special Collections,"Country doctor in wagon, Nevada, 1880-1910","Country doctor in wagon, (Nev.), 1880-1910.",Country doctor sits in his horse-drawn wagon in an unknown location in Nevada.,,UNLV Special Collections,
map000278,UNLV Special Collections,"Map of the Goldfield Mining District, Nye and Esmeralda Counties, Nevada, 1905","Map of the Goldfield Mining District, Nye and Esmeralda Counties, Nevada, 1905.",UNLV Special Collections.,,,map; Goldfield Mining District; Nye County; Esmeralda County; 1905
pho016483,UNLV Special Collections,"Crowd at a railroad station in Las Vegas, approximately 1905-1930 -- Governor Campbell of Arizona identified in crowd but not pinpointed [Fred and Maurine Wilson Photograph Collection]","Crowd at a railroad station in Las Vegas, approximately 1905-1930.","Governor Campbell of Arizona is identified in the crowd but not pinpointed. Physical ID 0014_0372. Fred and Maurine Wilson Photograph Collection, UNLV Special Collections.",,,railroad station; crowd; Las Vegas; Governor Campbell; Fred and Maurine Wilson Collection
snv000021,UNLV Special Collections,"Pack trains and buggies crossing the desert, approximately 1901-1905 [Tonopah and Goldfield Mining Photograph Collection]",Pack trains and buggies crossing the desert.,,,Tonopah and Goldfield Mining Photograph Collection,pack trains; buggies; desert; Goldfield boom; Tonopah and Goldfield Mining Collection
snv000207,UNLV Special Collections,"Photograph of Mohawk Mine and Tonopah Goldfield Train, Goldfield (Nev.), early 1900s [C. A. Earle Rinker Photograph Collection of Goldfield, Nevada]","Photograph of Mohawk Mine and Tonopah Goldfield Train, Goldfield (Nev.), early 1900s.","Physical ID 0350_0108. C. A. Earle Rinker Photograph Collection of Goldfield, Nevada, UNLV Special Collections.",,,Mohawk Mine; Tonopah and Goldfield Railroad; Goldfield; mining; Rinker Collection
pho016809,UNLV Special Collections,"Side view of the 1910 Oldsmobile Limited for the automobile business in Las Vegas, Nevada [James Cashman Sr. Photograph Collection]","Side view of the 1910 Oldsmobile Limited for the automobile business in Las Vegas, Nevada.","Physical ID 0013_0038. James Cashman Sr. Photograph Collection, UNLV Special Collections.",,,automobiles; Oldsmobile Limited; Las Vegas; 1910; James Cashman Collection
pho013444,UNLV Special Collections,"Photograph of a wagon hauling freight in Eldorado Canyon, circa 1911-1915 [Elbert Edwards Photograph Collection]","Photograph of a wagon hauling freight in Eldorado Canyon, circa 1911-1915.","Physical ID 0214_0338. Elbert Edwards Photograph Collection, UNLV Special Collections.",,,wagons; freight; Eldorado Canyon; Elbert Edwards Collection
snv001161,UNLV Special Collections,"Photograph of a wagon approaching the Narrows at Eldorado Canyon (Nev.), 1907 [Ferron and Bracken Photograph Collection]","Photograph of a wagon approaching the Narrows at Eldorado Canyon (Nev.), 1907.","Inscription on front reads: 'Narrows, Eldorado Ca on.' Physical ID 0001 Album 2, 82.1. Ferron and Bracken Photograph Collection, UNLV Special Collections.",,,wagons; Eldorado Canyon; canyons; Ferron and Bracken Collection
snv001260,UNLV Special Collections,"Photograph of men in a horse-drawn wagon in front of the Eldorado Canyon boarding house and mill, Eldorado Canyon (Nev.), 1907 [Ferron and Bracken Photograph Collection]","Photograph of men in a horse-drawn wagon in front of the Eldorado Canyon boarding house and mill, Eldorado Canyon (Nev.), 1907.","Caption: 'Boarding House and Mill, Eldorado, 1907.' Physical ID 0001 Album 2, 84.2. Ferron and Bracken Photograph Collection, UNLV Special Collections.",,,wagons; Eldorado Canyon; boarding house; mill; Ferron and Bracken Collection
snv001968,UNLV Special Collections,"Photograph of a wagon and horse team on a narrow mountain road, Eldorado Canyon (Nev.), 1900-1925 [Ferron and Bracken Photograph Collection]","Photograph of a wagon and horse team on a narrow mountain road, Eldorado Canyon (Nev.), 1900-1925.","Physical ID 0001 Album 1, 62.3. Ferron and Bracken Photograph Collection, UNLV Special Collections.",,,wagons; Eldorado Canyon; mountain road; Ferron and Bracken Collection
pho008436,UNLV Special Collections,"Photograph of Fremont Street, Las Vegas, Nevada, circa 1912-1919 [Bill Willard Photograph Collection]","Photograph of Fremont Street, Las Vegas, Nevada, circa 1912-1919","View of Fremont Street in Las Vegas, Nevada, looking northwest towards the Union Pacific Railroad station. Also seen are Woodard's Garage, the post office and a sign for the Majestic Theater, which opened in 1912.",,UNLV Special Collections -- Bill Willard Photograph Collection,Union Pacific Railroad Company; Cities and towns; Streets
pho021796,UNLV Special Collections,"Photograph of Main Street, Las Vegas (Nev.), 1908-1912 [Junior League of Las Vegas Photograph Collection]","Photograph of Main Street, Las Vegas (Nev.), 1908-1912.",Black and white photograph of the Main Street looking towards the first houses and Sunrise Mountain in the rear. Street Address: Main Street,,UNLV Special Collections,
snv002526,UNLV Special Collections,"Photograph of Fremont Street, buildings, and automobiles, Las Vegas (Nev.), 1900-1925 [Jacob E. Von Tobel Photograph Collection]","Photograph of Fremont Street, buildings, and automobiles, Las Vegas (Nev.), 1900-1925.","Fremont Street east of Main Street intersection in early 1920's. Photograph of parked cars and businesses including Bank of Southern Nevada, Las Vegas Hotel, Las Vegas Cafe, and a bakery.",,UNLV Special Collections,
snv001959,UNLV Special Collections,"Photograph of a horse team and freight wagons on a dirt road in the desert, 1900-1925, Las Vegas [Ferron and Bracken Photograph Collection]","Photograph of a horse team and freight wagons on a dirt road in the desert, 1900-1925, Las Vegas.","Physical ID 0001 Album 1, 43.2. Ferron and Bracken Photograph Collection, UNLV Special Collections.",,,wagon trains; freight wagons; desert road; Las Vegas; Ferron and Bracken Collection
pho013039,UNLV Special Collections,"Interior view of the County Clerk's office in Las Vegas, Nevada, 1914-1916 [Elbert Edwards Photograph Collection]","An interior view of the County Clerk's office in Las Vegas, Nevada.",,,Elbert Edwards Photograph Collection,County Clerk's office; office interior; Las Vegas; 1915; Elbert Edwards Collection; Buildings; Clothing and dress
hln001314,UNLV Special Collections,Bracken in office (1908-05),"Photograph of Walter R. Bracken sitting at a roll-top desk in an office, probably inside the Las Vegas Post Office, May 1908.","Bracken served as Las Vegas' postmaster from 1904-1914; the calendar on the wall reads May 1908. Physical ID 0001:Album 3, 9.3. Ferron and Bracken Photograph Collection, UNLV Special Collections.",,,Walter Bracken; post office; roll-top desk; Las Vegas; 1908; Ferron and Bracken Collection
pho006889,UNLV Special Collections,"Exterior view of a bank building under construction, Las Vegas, circa 1905 -- second Squires photo album page 5 image 2 [Charles P. Squires Photograph Collection]","Exterior view of a bank building under construction, Las Vegas, circa 1905.","From the second Squires photo album, page 5 image 2. Charles P. Squires Photograph Collection, UNLV Special Collections.",,,bank building; construction; Las Vegas; 1905; Squires Collection
pho006890,UNLV Special Collections,"Exterior view of the Las Vegas Trading Company, advertising lumber, lime, cement, etc., with a horse coach in front, 1905 -- second Squires photo album page 9 image 4 [Charles P. Squires Photograph Collection]. CORRECTED 2026-08-27: previous title on this row (""Las Vegas Trading Co. / Thomas building"") was close but imprecise -- confirmed exact title/details via UNLV item page.","Exterior view of the Las Vegas Trading Company, advertising lumber, lime, cement, etc., with a horse coach in front, 1905.","From the second Squires photo album, page 9 image 4. Charles P. Squires Photograph Collection, UNLV Special Collections.",,,Las Vegas Trading Company; lumber; cement; Las Vegas; 1905; Squires Collection
pho006892,UNLV Special Collections,"Exterior view of the First State Bank, Las Vegas, 1905 -- second Squires photo album page 16 image 1 [Charles P. Squires Photograph Collection]. CORRECTED 2026-08-27: previous title on this row (""Clark's Forwarding (barrels)"") did not match this item's actual UNLV record -- confirmed via item page. If Clark's Forwarding was a separate needed image, it may still need re-identifying.","Exterior view of the First State Bank, Las Vegas, 1905.","From the second Squires photo album, page 16 image 1. Charles P. Squires Photograph Collection, UNLV Special Collections.",,,First State Bank; banks and banking; Las Vegas; 1905; Squires Collection
pho023919,UNLV Special Collections,"Small building used as T.J. Osborne's Law Office, Pioche Hills, 1899-1901 [Thomas J. Osborne Photograph Collection]",Small building which was used as T.J. Osborne's Law Office.,The waiting room is through the left door and the office is through the right door.,,Thomas J. Osborne Photograph Collection,law office; Pioche; T.J. Osborne; office buildings; Osborne Collection; Office buildings; Law offices; Trees; Doorways
snv002556,UNLV Special Collections,"Interior of San Pedro, Los Angeles and Salt Lake Railroad machine shop in Las Vegas, Nevada, estimated 1909-1910 [Charles P. Squires Photograph Collection]","Interior of San Pedro, Los Angeles and Salt Lake Railroad machine shop in Las Vegas, Nevada.",Date estimated between 1909-1910.,,Charles P. Squires Photograph Collection,machine shop; railroad repair shops; Las Vegas; 1909; Squires Collection; Los Angeles & Salt Lake Railroad Company; Machinery; Machine-tools; Railroad repair shops; Interior decoration
2018677796,Library of Congress,"Newsies. See California report. Location: Los Angeles, California / Lewis W. Hine, 1915","Newsies. See California report. Location: Los Angeles, California / Lewis W. Hine, 1915 May.","Photo, Print, Drawing.",,Library of Congress,Boys; Newspaper Vendors; California; Los Angeles; Child labor; Photographic Prints
pho006301,UNLV Special Collections,"Slide of the first Clark County Courthouse, Las Vegas, circa early 1910s","Slide of the first Clark County Courthouse, Las Vegas, circa early 1910s.",An exterior view of The First Clark County Courthouse on Carson Street.,,UNLV Special Collections,Courthouses; Buildings; Clark County; Las Vegas
pho014697,UNLV Special Collections,Clark-Ronnow ranch (1905 to 1930),"Postcard of the Clark Ronnow Farm, circa early 1900s.","White inscription on bottom left of postcard: 4 weeks old. 2 acre orchard. peach, apple, grape. Clark Ronnow farm.",,UNLV Special Collections,Soils; Mountains; Deserts; Ranches; Farming
pho019910,UNLV Special Collections,"U.S. Senator William A. Clark from Montana, undated","Photograph of Senator W. A. Clark, late 1800s.",Black and white photograph of Senator William Andrews Clark.,,Nevada Historical Society,"Clark, William Andrews, 1839-1925; Men; People; Portrait photography"
45,Digital Commonwealth,Sewer construction,"Sewer construction, Billerica, Massachusetts, ca. 1897-1912 (glass negative).",,,Billerica Public Library / Digital Commonwealth. No known copyright restrictions (CC BY-NC-ND).,"Sewers; Construction; Billerica, Massachusetts"
DPW-35,San Francisco Public Library,"San Francisco sewers with construction workers, 1910","San Francisco sewers with construction workers, 1910.",,,San Francisco Public Library,Sewers; Construction; San Francisco; Public Works
hln000003,UNLV Special Collections,"Photograph of bridge over Vegas Creek, Las Vegas, circa 1900","Photograph of bridge over Vegas Creek, Las Vegas, circa 1900","Photograph of bridge over Las Vegas Creek south of the Old Mormon Fort. Printed on front: ""Vegas Creek and the old Bridge, Las Vegas Nevada, Oasis Confectionery Photo."" Handwritten inscription on back: ""s. of Old Ranch - cross to school - 2nd & Lewis.""",,Lake-Eglington Family Photograph Collection,Rivers; Wooden bridges; Old Mormon Fort; Las Vegas
hln000023,UNLV Special Collections,"Photograph of first artesian well in Las Vegas Valley on Taylor Ranch, with group of men, before 1910","Photograph of first artesian well in Las Vegas Valley on Taylor Ranch, with group of men, before 1910","Three identified and four unidentified men looking at a flowing artesian well with a drilling rig nearby. Transcribed Notes: Handwritten inscription on back: ""First Artesian Well.""",,Fred and Maurine Wilson Photograph Collection,Artesian wells; Water; Las Vegas Valley
hln000024,UNLV Special Collections,"Photograph of first artesian well in Las Vegas Valley on Taylor Ranch, Clark County, before 1910","Photograph of first artesian well in Las Vegas Valley on Taylor Ranch, Clark County, before 1910","Six men, five identified and one unidentified, standing near a flowing artesian well with a drilling rig nearby on the Taylor Ranch.",,Fred and Maurine Wilson Photograph Collection,"Artesian wells; Water-supply, Rural; Las Vegas Valley"
hln000062,UNLV Special Collections,"Photograph of people at Las Vegas Spring, before 1915","Photograph of people at Las Vegas Spring, before 1915","People with wagon and horses next to the Las Vegas Spring. Handwritten inscription on front: ""Las Vegas Spring on the desert which marks a stream of over 300 cubic inches of water.""",,Leon Rockwell Photograph Collection,Horses; Springs; Carriages and carts; Las Vegas
hln000066,UNLV Special Collections,"Photograph of people camped on the Colorado River in the Vegas Wash, 1910","Photograph of people camped on the Colorado River in the Vegas Wash, 1910","People camping next to their wagon in the Las Vegas Wash near the Colorado River. Handwritten inscription on back: ""Camped on Colorado River, Vegas Wash, Mother, Floyd, Shorty Mattuci, Capt. Jim Ladd's stage coach, Frank Toffs [or Totts?], mules, dog Dusty 1911.""",,Leon Rockwell Photograph Collection,Horses; Carriages and carts; Colorado River; Vegas Wash
hln000068,UNLV Special Collections,"Photograph of an outhouse over an irrigation ditch in Corn Creek, Nevada, circa 1938","Photograph of an outhouse over an irrigation ditch in Corn Creek, Nevada, circa 1938","An outhouse located over an irrigation ditch in Corn Creek, Nevada. Transcribed Notes: Transcribed from back of photo: ""Outhouse over irrigation ditch."" Creator: Robert Worts.",,Robert Worts Photographs,Irrigation canals and flumes; Outhouses; Ranches; Corn Creek
hln000072,UNLV Special Collections,"Photograph of riders near the Vegas Creek at the Stewart Ranch camp in Las Vegas, circa 1905-1906","Photograph of riders near the Vegas Creek at the Stewart Ranch camp in Las Vegas, circa 1905-1906",Las Vegas Creek running through the old Las Vegas Ranch with tents on the side.,,Harry Floyd Alter Photograph Collection,Horses; Tents; Ranches; Las Vegas
hln000221,UNLV Special Collections,"Photograph of a drill rig putting down the hole for the first well in the Las Vegas Heights District, circa 1907","Photograph of a drill rig putting down the hole for the first well in the Las Vegas Heights District, circa 1907","Drilling in the Las Vegas Heights District with Mr. Booth and Mr. Madison performing the work. Transcribed from front of photo: ""1st well. Vegas Hts. About 1907. Booth & Madison, Drillers."" Transcribed from photo sleeve: ""A drill rig which put down the hole for the first well in the Las Vegas Heights District in Las Vegas in 1907. The crew were Booth and Madison.""",,Jacob E. Von Tobel Photograph Collection,Artesian wells; Drilling and boring machinery; Las Vegas Heights
hln000239,UNLV Special Collections,"Photograph of artesian well in Paradise Valley, before 1920","Photograph of artesian well in Paradise Valley, before 1920","Men near a drilling rig and an artesian well in operation, with structures in background.",,Beckley Family Photograph Collection,Artesian wells; Water well drilling; Humboldt County
pan.6a13942,Library of Congress,"Wide shot of Las Vegas, 1910, RR machine shops in progress","Las Vegas, Nevada (panoramic photograph)","Wide panoramic shot of Las Vegas, 1910, with railroad machine shops in progress. Digital ID: pan 6a13942. Reproduction Number: LC-USZ62-137462 (b&w film copy neg.).",,Library of Congress Prints and Photographs Division,Las Vegas; Panoramic photographs; Las Vegas; Panoramic photographs; Railroad repair shops
pho004764,UNLV Special Collections,"Film transparency of a Las Vegas and Tonopah Railroad Company train car, Las Vegas, circa early 1900s","Film transparency of a Las Vegas and Tonopah Railroad Company train car, Las Vegas, circa early 1900s",Black and white image of a railroad engineer inside a train car for the Las Vegas and Tonopah Railroad Company.,,Lake-Eglington Family Photograph Collection,Men; Railroads; Railroad cars; Las Vegas
pho004793,UNLV Special Collections,"Olive Lake at well on McGriff Ranch, Las Vegas","Olive Lake at well on McGriff Ranch, Las Vegas.",,Suggested script page(s): P.151.,UNLV Special Collections,olive; lake; well; mcgriff; ranch; vegas
pho004794,UNLV Special Collections,Greenhouse at McGriff Ranch,Greenhouse at McGriff Ranch. Suggested script page(s): P.151.,,,UNLV Special Collections,greenhouse; mcgriff; ranch
pho004806,UNLV Special Collections,Machine shops (1913),"Film transparency of the railroad yard, Las Vegas, 1913",Black and white image of the railroad yard in Las Vegas.,,Lake-Eglington Family Photograph Collection,Machine shops; Railroads; Railroad repair shops; Railroads; Buildings; Las Vegas
pho004893,UNLV Special Collections,Machine shops (1912 to 1914),"Photograph of the railroad yards, Las Vegas, circa 1913",Black and white image of railroad yards in Las Vegas.,,Lake-Eglington Family Photograph Collection,Machine shops; Railroads; Railroads; Railroad repair shops; Cities and towns; Trees; Buildings; Las Vegas
pho004895,UNLV Special Collections,"McGriff Ranch, early 1900s, people and house","McGriff Ranch, early 1900s, people and house.",,Suggested script page(s): P.151.,UNLV Special Collections,mcgriff; ranch; early; people; house
pho006079,UNLV Special Collections,Arizona Club (1905 to 1915),"Photograph of the Arizona Club, Las Vegas, Nevada, circa 1905-1915","Two men and a horse-drawn carriage are seen outside of the Arizona Club in Las Vegas, Nevada.",,Charles P. Squires Photograph Collection,Saloons; Arizona Club; Bartenders; Men; Horses; Arizona Club; Las Vegas
pho006091,UNLV Special Collections,Ice plant (1905 to 1920),"Photograph of the First State Bank of Las Vegas, Las Vegas, Nevada, circa 1905-1920","People outside of the First State Bank of Las Vegas, on the northeast corner of First and Fremont Streets, showing the addition of other businesses and a paved sidewalk.",,Charles P. Squires Photograph Collection,Men; Streets; Banks and banking; Sidewalks; Las Vegas
pho006099,UNLV Special Collections,Kids outside church (1910 to 1919),"Photograph of schoolchildren and teachers, Las Vegas, Nevada, circa 1910s",The Las Vegas School was held in the Baptist Church after it burned. A group of schoolchildren and their teacher Florence Squires (later Boyer) are pictured in front of the building.,,Charles P. Squires Photograph Collection,"Boyer, Florence M., 1890-1973; School children; Teachers; Church buildings; Las Vegas"
pho006181,UNLV Special Collections,"Squires (WARNING: search hit resolves to 1984-1986, likely wrong item, verify manually) (1984 to 1986)","Photograph of C. P. Squires, circa mid 1880s","A portrait of C. P. Squires at about age 20 (UNLV's own Date field lists 1984-1986, an apparent data-entry error; the page title and Source field both indicate circa mid-1880s / approximately 1883-1887).",,Charles P. Squires Photograph Collection,"Squires, Charles Pember; Men; Portraits"
pho006198,UNLV Special Collections,"Photograph of Delphine Squires in Las Vegas during construction of Squires house at 407 Fremont St., April 1906 [Charles P. Squires Photograph Collection]","Delphine Squires during construction of the Squires house at 407 Fremont St., Las Vegas, April 1906.",,,UNLV Special Collections,"Squires, Delphine; Women; Dwellings; Las Vegas; Charles P. Squires Photograph Collection"
pho006293,UNLV Special Collections,Ice plant intact (1905 to 1907),"Slide of the First Ice Plant in Las Vegas, circa early 1900s","Description given with photograph: ""First Ice Plant in Las Vegas, Nevada Ca. prior to 1907 (The ice plant burned in 1907).""",,Charles P. Squires Photograph Collection,Buildings; Ice industry; Las Vegas
pho006296,UNLV Special Collections,Bank / W.E. Hawkins Store (1900 to 1915),"Slide of the Thomas Department Store, Las Vegas, circa early 1900s",An exterior view of Thomas Department Store in Las Vegas.,,Charles P. Squires Photograph Collection,"Storefronts; Stores, Retail; Las Vegas"
pho007059,UNLV Special Collections,"Stewart Ranch, Las Vegas, transparency (1900 to 1939)","Transparency of Stewart Ranch, Las Vegas, circa early 1900s","Tents at the Stewart Ranch in Las Vegas, Nevada.",,Helen J. Stewart Photographs,Tents; Ranches; Las Vegas
pho007102,UNLV Special Collections,"Stewart Ranch, Las Vegas, postcard (1900 to 1939)","Postcard of Stewart Ranch, Las Vegas, circa early 1900s","A view of the Stewart Ranch in Las Vegas, Nevada.",,Helen J. Stewart Photographs,Trees; Ranches; Las Vegas
pho009778,UNLV Special Collections,Searchlight mine,"Photograph of Searchlight Mine, Searchlight, Nevada, circa 1900s-1910s","Buildings and a headframe at Searchlight Mine, Searchlight, Nevada. Caption on photograph: ""The original Searchlight Mine.""",,Elbert Edwards Photograph Collection,Mine buildings; Headframes (Mining); Searchlight
pho009800,UNLV Special Collections,"Caliente Railroad Depot exterior, circa 1960s-1970s (CAUTION: too late for 1911 era)","Photograph of the Caliente Railroad Depot, Caliente, Nevada, circa 1960s-1970s.","CAUTION: building opened 1923, photo itself dated 1960-1979 -- too late for the 1911 incorporation story's era.",Suggested script page(s): P.75.,UNLV Special Collections,Railroad stations; Caliente; Elbert Edwards Collection
pho012890,UNLV Special Collections,Saloon with burros (1905),"Postcard of ""The Boozy Burros"" bar, 1905","Postcard of ""The Boozy Burros"" bar.",,Leon Rockwell Photograph Collection,Saloons; Burros; Bars (Drinking establishments); People; Bartenders
pho013214,UNLV Special Collections,Clark's Forwarding (1900 to 1939),"Photograph of Ed W. Clark Forwarding Company, Las Vegas, circa early 1900s","An unidentified group of people and a dog posing outside of the Ed W. Clark Forwarding Company in Las Vegas, Nevada. Written onto the side of the tent: ""Ed W. Clark Forwarding Co.""",,Elbert Edwards Photograph Collection,Buildings; People; Ed Clark; Las Vegas
pho013444,UNLV Special Collections,"Photograph of a wagon hauling freight in Eldorado Canyon, circa 1911-1915 [Elbert Edwards Photograph Collection]","Photograph of Wagon hauling freight in Eldorado Canyon, Nevada, circa 1912",Photograph of a wagon hauling freight in Eldorado Canyon.,,Elbert Edwards Photograph Collection,Horses; Wagons; Eldorado Canyon
pho013522,UNLV Special Collections,"Railroad machine shops, Las Vegas, circa early 1900s","Slide of railroad machine shops, Las Vegas, circa early 1900s (1900 to 1929).",Snow-covered railroad machine shops in Las Vegas.,,UNLV Special Collections,Railroad repair shops; Snow; Las Vegas; Elbert Edwards Collection
pho013953,UNLV Special Collections,Hospital tent (1904 to 1906),"Photograph of hospital, Las Vegas, circa 1905",Two men standing at the doorway of a hospital.,,Doris Hancock Photograph Collection,Men; Buildings; Hospitals; Las Vegas
pho014397,UNLV Special Collections,"McGriff Ranch, early 1900s, man","McGriff Ranch, early 1900s, man.",,Suggested script page(s): P.151.,UNLV Special Collections,mcgriff; ranch; early
pho014468,UNLV Special Collections,"People in automobiles, Las Vegas, circa 1910s-1920s","Photograph of people in automobiles, Las Vegas, Nevada, circa 1910s-1920s (1910 to 1929).",People sitting inside automobiles.,Suggested script page(s): P.58.,UNLV Special Collections,Automobiles; People; Las Vegas; Leon Rockwell Collection
pho014576,UNLV Special Collections,Leon Rockwell (1908),"Photograph of Leon Rockwell, circa 1908",Leon Rockwell carrying horse-riding equipment.,,Leon Rockwell Photograph Collection,"Rockwell, Leon H., Sr., 1888-1968; Men; Horsemanship"
pho014952,UNLV Special Collections,Machine shops (1910 to 1919),"Photograph of railroad yards, Las Vegas, circa 1910s","Railroad yards in Las Vegas with a station, railroad cars, and a water tank.",,"Sherwin ""Scoop"" Garside Photographs",Machine shops; Railroads; Railroad rails; Railroad cars; Railroad repair shops; Las Vegas
Pho016224,UNLV Special Collections,Mrs. Park on her porch with dog,Mrs. Park on her porch with dog.,,Suggested script page(s): P.160.,UNLV Special Collections,park; porch
pho016862,UNLV Special Collections,Techatticup Mine,"Photograph of Techatticup Mine in El Dorado Canyon, circa early to mid 1900s","Handwritten description provided on back of image: ""Tchatticup [sic] Mine, El Dorado Canyon.""",,James Cashman Sr. Photograph Collection,Mines and mineral resources; Deserts; Techatticup Mine; El Dorado Canyon
pho017630,UNLV Special Collections,RR yards (1905 to 1915),"Photograph of the railroad yard, Las Vegas, circa 1910","Panorama of the railroad yards (SP, LA) and a portion of downtown Las Vegas, about 1910. Physical object has an insert containing additional biographical information.",,Jacob E. Von Tobel Photograph Collection,Railroad yards; Las Vegas; Panoramas; Buildings; Mountains; Railroads; Railroad rails; Railroad repair shops; Railroad tracks; Las Vegas
pho017706,UNLV Special Collections,"Harvest at J.I. Earl farm, Bunkerville, NV, 1905","Harvest at J.I. Earl farm, Bunkerville, Nevada, 1905.",,,UNLV Special Collections,Farming; Harvest; Bunkerville
pho017850,UNLV Special Collections,"Main Street, Caliente (1900 to 1910)","Photograph of Main Street, Caliente, Nevada, circa early 1900s","Main Street in Caliente, Nevada.",,Dorothy Ray Photograph Collection on Southern Nevada,Cities and towns; Buildings; Signs and signboards; Caliente
pho018411,UNLV Special Collections,"Electrical line installation near mine, Candelaria, NV, undated","Photograph of electrical line installation near mine, Candelaria, Nevada, undated (1900 to 1930).",Black and white photograph of electrical lines being installed near a mine/mill.,Suggested script page(s): p.47.,UNLV Special Collections,Electric lines; Mines; Mills; Candelaria; Nevada
pho019795,UNLV Special Collections,Train engine w/ construction (script cites Jan 1909 headline -- verify) (1911-10-10),"Photograph of Goldfield Engine House, Nevada, October 10, 1911","Transcribed from behind photograph, ""Las Vegas & Tonopah no. 4 at Goldfield Engine House after explosion October 10, 1911.""",,David Coons Photograph Collection,Locomotives; Railroads; Railroad tracks; Railroad trains; Goldfield
pho019885,UNLV Special Collections,"Della McGriff with man on the ranch, 1910s","Della McGriff with man on the ranch, 1910s.",,Suggested script page(s): P.151.,UNLV Special Collections,della; mcgriff; ranch
Pho019940,UNLV Special Collections,Johnnie Horden and others on Las Vegas Creek,Johnnie Horden and others on Las Vegas Creek.,,Suggested script page(s): P.13-14.,UNLV Special Collections,johnnie; horden; others; vegas; creek
pho019942,UNLV Special Collections,"Camping, drinking beer, group smiling","Photograph of people camping on Las Vegas Creek, 1880 - early 1900s",Unidentified people drinking beer while camping on the Las Vegas Creek below Bonanza. One of the men may include Johnnie Horden.,,Alice Lake-Rockwell and Earl Rockwell Photographs,People; Men; Shrubs; Deserts; Valleys; Vegas Creek
pho019972,UNLV Special Collections,Baseball team (Unknown year in the decade of the 1910s),"Black-and-white photograph of baseball team, Las Vegas (Nev.), 1910s","New York Store baseball team, Las Vegas. Standing (left to right): second - Ben Emerick, third - Frank Black, forth - Harry Beale, fifth - Floyd Alter.",,"Robert E. ""Spud"" Lake Photographs","Baseball players; Black, Frank; Beale, Harry; Emerick, Ben; Alter, Harry Floyd; Las Vegas"
pho020087,UNLV Special Collections,"Empty desert (WARNING: resolves 1920-1929, script wants ~1910, verify) (1920 to 1929)","Photograph of road construction, 1920s",Black and white photograph of unidentified people with horses at road construction.,,Florence Lee Jones Cahlan Photographs,Horses; Roads; Men; People; Construction workers
pho020567,UNLV Special Collections,"Postcard of Tonopah Belmont Development Company's mine and mill, Tonopah (Nev.), September 18, 1912","Postcard of Tonopah Belmont Development Company's mine and mill, Tonopah (Nev.), September 18, 1912","The Belmont was Tonopah's second most prosperous mining company with a production of over $38,000,000. The 60 stamp mill, one of Tonopah's largest, was built in 1911 and crushed ore until August 1, 1923. It was dismantled in 1927. The Belmont was the scene of Tonopah's worst mine disaster when an underground fire on February 23, 1911 took the lives of 17 men, apparently started by a miner's candle left in a pile of timber.",,Central Nevada Historical Society Photograph Collection,Mine buildings; Mining camps; Tonopah Belmont Development Company; Tonopah
pho021842,UNLV Special Collections,"Photograph of Senator William A. Clark, circa 1890s [Junior League of Las Vegas Photograph Collection]",Black and white portrait of Senator William A. Clark.,Clark County was named in his honor.,,UNLV Special Collections,"Clark, William Andrews, 1839-1925; Men; Portraits; Politicians; Junior League of Las Vegas Photograph Collection"
pho023367,UNLV Special Collections,"Photograph of Lincoln County Court House, Pioche (Nev.), 1872 -- POST NO BILLS signage [Campbell Family Photograph Collection]","Lincoln County Court House, Pioche, Nevada, 1872.","On the right and left side of the entrance reads ""POST NO BILLS""; the sign in the doorway reads ""Old Lincoln County Court House for $1,000,000!""",,UNLV Special Collections,Courthouses; Buildings; Pioche; Campbell Family Photograph Collection
pho023809,UNLV Special Collections,"Automobile excursion, Goodsprings NV, 1910s (Chamber of Commerce Excursion)","Photograph of automobile excursion, Goodsprings, Nevada, 1910s.",Unidentified people in and around automobiles on a road trip; banner on the back of one vehicle reads Chamber of Commerce Excursion.,,UNLV Special Collections,Automobiles; Goodsprings; Windmills; Robbins Family Collection
pho023812-001,Western Mining History,"Postcard of Searchlight, NV, 1907 (front) - low priority","Searchlight, Nevada ca. 1910","Postcard of Searchlight, Nevada, ca. 1910 (front).",,"Source: UNLV, via Western Mining History gallery","Searchlight, Nevada; Postcards; Mining towns"
pho023866,UNLV Special Collections,"Photograph of an aerial view of Pioche (Nev.), early 1900s [John Janney Photograph Collection on Pioche, Nevada]","Photograph of an aerial view of Pioche (Nev.), early 1900s",Panorama of the city of Pioche surrounded by mountains. A mine can be seen in the distance on the hillside.,,"John Janney Photograph Collection on Pioche, Nevada",Pioche; Aerial views; Cities and towns; Dwellings; Housing development; Streets; Valleys; Pioche
pho023868,UNLV Special Collections,"Photograph of an aerial view of Pioche (Nev.), early 1900s [John Janney Photograph Collection on Pioche, Nevada]","Photograph of an aerial view of Pioche (Nev.), early 1900s",Panorama of the city of Pioche surrounded by mountains. A mine can be seen in the distance on the hillside.,,"John Janney Photograph Collection on Pioche, Nevada",Pioche; Aerial views; Mountains; Streets; Dwellings; Mining camps; Deserts; Pioche
pho023869,UNLV Special Collections,"Photograph of a baseball field, Pioche (Nev.), early 1900s [John Janney Photograph Collection on Pioche, Nevada]","Photograph of a baseball field, Pioche (Nev.), early 1900s",Panorama of automobiles parked around the perimeter of a baseball field in Pioche.,,"John Janney Photograph Collection on Pioche, Nevada",Pioche; Baseball; Baseball fields; Automobiles; Deserts; Clouds; Pioche
pho023870,UNLV Special Collections,"Photograph of Henry Lee and others, Pioche (Nev.), 1890-1910 [John Janney Photograph Collection on Pioche, Nevada]","Photograph of Henry Lee and others, Pioche (Nev.), 1890-1910","Picture of Henry Hudson Lee among a group of people on a hay wagon in Pioche. Henry Lee was once a politician, cattle rancher, and an auditor for Lincoln County.",,"John Janney Photograph Collection on Pioche, Nevada","Pioche; Henry Lee; Lee, Henry Hudson, 1877-1973; Men; Wagon trains; Hay; Buildings; People; Pioche"
pho023871,UNLV Special Collections,"Photograph of horsemen at the Newman House, Pioche (Nev.), early 1900s [John Janney Photograph Collection on Pioche, Nevada]","Photograph of horsemen at the Newman House, Pioche (Nev.), early 1900s",Picture of eight ranch hands on horseback in front of the Newman house.,,"John Janney Photograph Collection on Pioche, Nevada",Pioche; Horsemen; Ranch houses; Horsemanship; Horses; Ranchers; Ranches; Pioche
pho023872,UNLV Special Collections,"Photograph of the Alamo Club, Pioche (Nev.), 1934 [John Janney Photograph Collection on Pioche, Nevada]","Photograph of the Alamo Club, Pioche (Nev.), 1934","Picture of the Alamo Club, which was once a prominent saloon in Pioche. Left to right are Ernie Ferri and Russell Duffy standing behind a bar.",,"John Janney Photograph Collection on Pioche, Nevada",Pioche; Alamo Club; Men; Alcoholic beverages; Bartenders; Bars (Furniture); Alamo Club; Pioche
pho023873,UNLV Special Collections,"Photograph of the Price House, Pioche (Nev.), early 1900s [John Janney Photograph Collection on Pioche, Nevada]","Photograph of the Price House, Pioche (Nev.), early 1900s",Picture of a group of men and women on the porch of the Price House.,,"John Janney Photograph Collection on Pioche, Nevada",Pioche; Price House; Dwellings; Porches; People; Medals; Pioche
pho023874,UNLV Special Collections,"Photograph of Henry Lee, Pioche (Nev.), early 1900s [John Janney Photograph Collection on Pioche, Nevada]","Photograph of Henry Lee, Pioche (Nev.), early 1900s","Portrait of Henry Hudson Lee, who was once a politician, cattle rancher, and an auditor for Lincoln County.",,"John Janney Photograph Collection on Pioche, Nevada","Pioche; Henry Lee; Lee, Henry Hudson, 1877-1973; Men; Portrait photography; Portraits; Suits (Clothing); Pioche"
pho023878,UNLV Special Collections,"Photograph of mines, Pioche (Nev.), early 1900s [John Janney Photograph Collection on Pioche, Nevada]","Photograph of mines, Pioche (Nev.), early 1900s",Panorama of tailings piles from the mines on the hillside of Pioche.,,"John Janney Photograph Collection on Pioche, Nevada",Pioche; Mines; Mills and mill-work; Milling-machines; Deserts; Mountains; Mining camps; Pioche
pho023880,UNLV Special Collections,"Photograph of hillside mines, Pioche (Nev.), early 1900s [John Janney Photograph Collection on Pioche, Nevada]","Photograph of hillside mines, Pioche (Nev.), early 1900s",Panorama of mines on the hillside. Tailings and mills can be seen on the top right.,,"John Janney Photograph Collection on Pioche, Nevada",Pioche; Mines; Mountains; Tailings embankments; Pioche Hills
pho025129,UNLV Special Collections,Saloon interior (Caliente) (1900 to 1930),"Photograph of saloon interior, Caliente (Nev.), 1900-1930","Men in suits stand at the bar of an unidentified saloon in Caliente, Nevada.",,Albert C. Phillips Photograph Collection,Saloons; Caliente; Bartenders; Men; Interior decoration; Cash registers; Glassware; Caliente
pho025819,UNLV Special Collections,County Commissioner W.E. Hawkins (1913 to 1919),"Photograph of W.E. Hawkins, Las Vegas (Nev.), 1913-1919","Photograph of Mayor W.E. Hawkins, 1913-1919.",,"Las Vegas, Nevada Elected Officials Photographs","Mayors; Hawkins, W. E.; Portraits; Las Vegas"
pho026753,UNLV Special Collections,Basic Magnesium future plant site (context: near Stewart Ranch imagery search) (1942-03-26),"Future site of Basic Magnesium Industries, image 002: photographic print","Basic Magnesium Industries, Henderson, NV. Future site of Basic Magnesium Industries Plant (9-15-41). Inscription on photo: ""McNeil Construction, Co. Magnesium Plant. Las Vegas, Nevada.""",,"Henderson Public Library Photograph Collection on Henderson, Nevada",Magnesium industry and trade; Deserts; Henderson
pho031101,UNLV Special Collections,Quartette mine (1900 to 1940),Quartette Mine: photographic print,"Quartette Mine in Searchlight, Nevada.",,Charles Thomas-Perry Photograph Collection,Mine buildings; Miners; Mines and mineral resources; Searchlight
pho031198,UNLV Special Collections,Rainstorm/flood (1910 (approx) to 1930 (approx)),View of a rainstorm: photographic print,From the Chester R. Longwell Photograph Collection (PH-00311).,,UNLV Special Collections -- Chester Longwell Photograph Collection,Rain and rainfall; Deserts; Desert plants; Desert soils
pho031199,UNLV Special Collections,Rainstorm/flood (1910 (approx) to 1930 (approx)),View of a rainstorm: photographic print,From the Chester R. Longwell Photograph Collection (PH-00311).,,UNLV Special Collections -- Chester Longwell Photograph Collection,Rain and rainfall; Desert plants; Desert soils; Mountains; Deserts
pho031617,UNLV Special Collections,Cracked mud from Meadow Valley Wash flood,"Harvest at J.I. Earl farm, Bunkerville, NV, 1905.",,Suggested script page(s): P.148-151.,UNLV Special Collections,harvest; earl; farm; bunkerville
pho032884,UNLV Special Collections,Fire truck (1910 (approx) to 1945 (approx)),Fire engine used by volunteer fire department: photographic print,"From the Elizabeth Harrington Photograph Collection (PH-00291). Inscription with image reads: ""Only fire engine in Las Vegas in the thirties used by an all volunteer Fire Department headed by Fire Chief Harold Case. Man at wheel is B. W. Snider Volunteer Fireman. In the background is the old Ice House on Main Street."" - E(lizabeth) Harrington.",,UNLV Special Collections -- Elizabeth Harrington Photograph Collection,Fire trucks; Overland Hotel fire; Fire fighters; Fire engines; Las Vegas
pho033453,UNLV Special Collections,Early wood bank building (1900 to 1939),"The First State Bank in Las Vegas, Nevada: photographic print",From the UNLV Libraries Single Item Accession Photograph Collection (PH-00171).,,UNLV Special Collections -- UNLV Libraries Single Item Accession Photograph Collection,Banks and banking; Las Vegas
snv000843,UNLV Special Collections,"Postcard of Robert ""Spud"" Lake with men and horse-drawn wagons, Las Vegas (Nev.), December, 1914","Postcard of Robert ""Spud"" Lake with men and horse-drawn wagons, Las Vegas (Nev.), December, 1914","Site Name: Cottage Hotel (Las Vegas, Nev.).",,"Robert E. ""Spud"" Lake Photographs","Lake, Spud; Horses; Wagons; Hotels; Las Vegas"
snv001103,UNLV Special Collections,"Salt Lake Depot, train on tracks (1908 (year approximate))","Photographic postcard of the Salt Lake Depot railyard, Las Vegas (Nev.), circa 1908","Caption: Salt Lake Depot, Las Vegas, Nevada.",,Fred and Maurine Wilson Photograph Collection,Railroad yards; Railroad stations; Locomotives; Las Vegas
snv001104,UNLV Special Collections,RR yards (1900 to 1925),"Photograph of a panoramic view of the Las Vegas railyards, Las Vegas (Nev.), 1900-1925","Photograph of a panoramic view of the Las Vegas railyards, Las Vegas (Nev.), 1900-1925.",,Fred and Maurine Wilson Photograph Collection,Railroad yards; Las Vegas; Railroad yards; Railroads; Railroad repair shops; Roundhouses (Railroads); Views; Railroad cars; Railroad tracks; Las Vegas
snv001857,UNLV Special Collections,RR yards (1900 to 1925),"Black-and-white photograph of railyard buildings and engines, Las Vegas (Nev.), 1900-1925","Photograph of railyard buildings and engines, Las Vegas (Nev.), 1900-1925.",,Ferron and Bracken Photograph Collection,Railroad yards; Las Vegas; Railroad yards; Railroads; Railroad repair shops; Locomotives; Las Vegas
snv001921,UNLV Special Collections,RR yards (1900 to 1925),"Black-and-white photograph of the railyard, Las Vegas (Nev.), 1900-1925","Photograph of the railyard, Las Vegas (Nev.), 1900-1925.",,Ferron and Bracken Photograph Collection,Railroad yards; Las Vegas; Railroad yards; Railroads; Las Vegas
snv001925,UNLV Special Collections,RR yards (1908),"Panoramic photograph of the railyards and downtown, Las Vegas (Nev.), 1908","Photograph of a panoramic view of the railyards and downtown, Las Vegas (Nev.), 1908.",,Ferron and Bracken Photograph Collection,Railroad yards; Las Vegas; Railroad yards; Railroad tracks; Cities and towns; Las Vegas; Clark's Las Vegas Townsite
snv002515,UNLV Special Collections,"Division Club photo, men w/ signs (1900 to 1925)","Photograph of a crowd gathered for the Los [sic] Vegas Democratic delegation for county division, Las Vegas (Nev.), 1900-1925","Undated photograph, approximate date 1908. A group of men, accompanied by two boys standing in front of a wooden hotel. Two signs pictured state, ""For County Division"" and ""Los [sic] Vegas Democratic Delegation for County Division."" The Lincoln County Division Club was formed in Las Vegas in July 1908 to convince the state government to separate the Las Vegas area from Lincoln County and make Las Vegas the new county seat. Lincoln County covered the entire southeastern portion of Nevada at this time and government administration was conducted from Pioche. Petitions for county division had started as early as 1905. Clark County was eventually founded on July 1, 1909.",,Fred and Maurine Wilson Photograph Collection,Political activists; Crowds; Political participation; County Division Club; Las Vegas
snv002558,UNLV Special Collections,Lena Carl Stewart with a rifle and a dog near a creek: photograph,Lena Carl Stewart with a rifle and a dog near a creek: photograph,"Lena Carl Stewart holding a rifle, and a dog with a duck in its mouth, by a creek on an unidentified property, probably the Las Vegas Ranch.",,Helen J. Stewart Photographs,"Landscapes; Women; Rifles; Hunting dogs; Stewart, Lena Carl; Las Vegas"
pho007072,UNLV Special Collections,"Transparency of mule freight team, circa 1890s-1910s [Stewart (Helen J.) Photographs (PH-00104)]","The view of a mule freight team posing beside wooden buildings in a desert location possibly found in Las Vegas, Nevada.",,,Helen J. Stewart Photographs,Mules; Wagons; Deserts
pho007073,UNLV Special Collections,"Transparency of freight team near Las Vegas, June 1906 [Stewart (Helen J.) Photographs (PH-00104)]",A freight team traveling through the desert between Eldorado Canyon and Las Vegas in southern Nevada.,,,Helen J. Stewart Photographs,Mules; Wagons; Deserts
pho007141,UNLV Special Collections,"Photograph of McWilliamstown, circa 1904 -- in what would become Las Vegas [Stewart (Helen J.) Photographs]","McWilliamstown, circa 1904 -- in what would become Las Vegas.",From the Stewart (Helen J.) Photographs collection.,,,McWilliamstown; Las Vegas founding; Stewart (Helen J.) Photographs; 1905 townsite
pho012947,UNLV Special Collections,"Photograph of saloon fire, Caliente, Nevada, 1910 [Elbert Edwards Photograph Collection (PH-00214)]","Saloon fire in Caliente, Nevada, 1910.",Elbert Edwards Photograph Collection (PH-00214).,,,
pho013120,UNLV Special Collections,"Photograph of Denver Dickerson, Nevada, circa 1908-1910 [Elbert Edwards Photograph Collection (PH-00214)]","Acting Nevada Governor Denver S. Dickerson, in office 1908-1910.",,,Elbert Edwards Photograph Collection,Governors; Men; Portraits; Portrait photography
pho028388,UNLV Special Collections,"Possible Goldfield fire ruins: photographic print [C. A. Earle Rinker Photograph Collection of Goldfield, Nevada (PH-00350)]","Unidentified location, looks like ruins from a fire (possibly Goldfield, Nevada).","C. A. Earle Rinker Photograph Collection of Goldfield, Nevada (PH-00350).",,,
snv000187,UNLV Special Collections,"Photograph of a power plant for a mill, Goldfield (Nev.), early 1900s [C. A. Earle Rinker Photograph Collection of Goldfield, Nevada (PH-00350)]","A power plant for a mill, Goldfield, Nevada, early 1900s.","C. A. Earle Rinker Photograph Collection of Goldfield, Nevada (PH-00350).",,,
snv000210,UNLV Special Collections,"Photograph of Goldfield Hotel fire (Nev.), November 17, 1906 [C. A. Earle Rinker Photograph Collection of Goldfield, Nevada (PH-00350)]","Hotel Goldfield destroyed by fire, November 17, 1906.","C. A. Earle Rinker Photograph Collection of Goldfield, Nevada (PH-00350).",,,
pho023832,UNLV Special Collections,"Postcard of Lincoln County Courthouse, Pioche (Nev.), 1930s [James Hulse Photograph Collection on Pioche, Nevada (PH-00133)]","View of Lincoln County Courthouse, Pioche, Nevada.","James Hulse Photograph Collection on Pioche, Nevada (PH-00133).",,,
snv000636,UNLV Special Collections,"Photograph of pedestrians in front of the Charles D. Marriage Assay office, Pioche (Nev.), 1907 [Lincoln County Museum Photograph Collection]",Photograph of pedestrians in front of the Charles D. Marriage Assay office in Pioche.,,,Lincoln County Museum Photograph Collection,Buildings; Offices; Metallurgical furnace industry; Pedestrians; Porches
D99999_539,UNLV Special Collections,"Nevada State Capitol building in Carson City, Nevada: photographic print. On photograph printed ""John Nulty photography"", 1930-1970 [Walking Box Ranch Photograph Collection].","Nevada State Capitol building in Carson City, Nevada: photographic print","Nevada State Capitol building in Carson City, Nevada: photographic print. On photograph printed 'John Nulty photography', 1930-1970. Dorothy Bell Scans, UNLV Public Lands Institute, Walking Box Ranch Photograph Collection.",,,Nevada State Capitol; Carson City; John Nulty; Walking Box Ranch Collection
D99999_590,UNLV Special Collections,"Aerial view of the Nevada Capitol building: photographic print. Copyright stamp on back ""Photo by John Nulty"", 1930-1970 [Walking Box Ranch Photograph Collection].",Aerial view of the Nevada Capitol building: photographic print,"Aerial view of the Nevada Capitol building: photographic print. Copyright stamp on back: 'Photo by John Nulty', 1930-1970. Dorothy Bell Scans, UNLV Public Lands Institute, Walking Box Ranch Photograph Collection.",,,Nevada State Capitol; Carson City; aerial view; John Nulty; Walking Box Ranch Collection
pho006145,UNLV Special Collections,"Photograph of Ed Clark, circa early to mid 1900s [Squires Family Photographs (PH-00002)]","Ed Clark, circa early to mid 1900s.",Squires Family Photographs (PH-00002).,,,
pho007074,UNLV Special Collections,"Transparency of freight team near Las Vegas, June 1906 [Stewart (Helen J.) Photographs (PH-00104)]",A view of a freight team in the desert between Eldorado Canyon and Las Vegas in southern Nevada.,,,Helen J. Stewart Photographs,Wagons; Deserts; Horses
pho007216,UNLV Special Collections,"Photograph of mule freight team, circa 1890s-1910s [Stewart (Helen J.) Photographs (PH-00104)]","A mule freight team in a desert location, possibly located in Las Vegas, Nevada.",,,Helen J. Stewart Photographs,Mules; Animals; Donkeys; Deserts; Wagons
snv002133,UNLV Special Collections,"Photograph of miners inside the Techatticup Mine (Nev.), 1900-1925 [UNLV Special Collections]","Caption: (John Hughes) In one of the S.W.M. Co. mines, probably the Techatticup.",,,,Mines and mineral resources; Miners; Mining machinery; Tunnels; Men
pho025998,UNLV Special Collections,"Clark County Courthouse (temporary building, 1909)","Clark County Courthouse (temporary building, 1909).",,Suggested script page(s): P.108-112.,UNLV Special Collections,clark; county; courthouse; temporary; building
pho024780,UNLV Special Collections,"Photograph of William Beckley at the register in his clothing store, Las Vegas (Nev.), circa 1909 [Beckley Family Photograph Collection (PH-00148)]","William Beckley at the register in his clothing store, Las Vegas, Nevada, circa 1909.",Beckley Family Photograph Collection (PH-00148).,,,
pho013129,UNLV Special Collections,"Photograph of governor's mansion, Carson City, Nevada, circa 1908-1909 [Elbert Edwards Photograph Collection (PH-00214)]","Nevada Governor's Mansion, Carson City, built at a cost of $22,700; later renovated with private funding.",,,Elbert Edwards Photograph Collection,Mansions; Governors; Trees
snv000320,UNLV Special Collections,"Photograph of the Goldfield Hotel fire, Goldfield (Nev.), November 17, 1906 [C. A. Earle Rinker Photograph Collection of Goldfield, Nevada (PH-00350)]","The Goldfield Hotel fire, Goldfield, Nevada, November 17, 1906.","C. A. Earle Rinker Photograph Collection of Goldfield, Nevada (PH-00350).",,,
pho014432,UNLV Special Collections,"Photograph of a footrace, Las Vegas, Nevada, July 4, 1907 [Leon Rockwell Photograph Collection (PH-00008)]","A footrace in Las Vegas, Nevada, July 4, 1907.",Leon Rockwell Photograph Collection (PH-00008).,,,
pho014206,UNLV Special Collections,"Photograph of early Las Vegas stores, Las Vegas, circa 1900s [Sherwin ""Scoop"" Garside Photographs (PH-00067)]","Stores in early Las Vegas including Nevada Meat Market, Royal Restaurant, and the W.E. Hawkins business establishment.","Sherwin ""Scoop"" Garside Photographs (PH-00067).",,,
pho024853,UNLV Special Collections,"Beckley family, various (negative)","Beckley family, various (negative). Suggested script page(s): P.46.",,,UNLV Special Collections,beckley; family; various; negative
Pho024864-003,UNLV Special Collections,"Beckley family, various","Beckley family, various. Suggested script page(s): P.46.",,,UNLV Special Collections,beckley; family; various
pho033930-002,UNLV Special Collections,"People in a wagon in the woods, Mt. Charleston",Wilson and Park families camping near Mt.,Charleston (Album 4).,"Suggested script page(s): general ref, no clear page.",UNLV Special Collections,wilson; park; families; camping; charleston; album
Snv001051,UNLV Special Collections,"Tonopah mine, 1908","Photograph of the Tonopah Extension Mine Shaft No. 1, Tonopah (Nev.), 1908.",,,Blanch Jackson Photograph Collection,Mines and mineral resources; Headframes (Mining); Mine buildings; Men; Women
churchseries22_2835,Unidentified (needs repository verification),"Hand-tinted postcard No. 5010, ""Mill Street, Reno, Nevada."" Street scene, early 1900s-1910s. Filename suggests UNR Special Collections (James Edward Church Papers, Series 22) but source page unconfirmed (site requires captcha) -- also note: depicts Reno, not Las Vegas","Mill Street, Reno, Nevada (postcard No. 5010)","Hand-tinted postcard, No. 5010, captioned 'Mill Street, Reno, Nevada.' Street scene showing large white columned house and a red brick building along a tree-lined street, early 1900s-1910s. Filename suggests Series 22 of the James Edward Church Papers, University of Nevada, Reno Special Collections, but the source repository page could not be confirmed (site requires human-verification captcha) -- needs repository verification. Note: depicts Reno, not Las Vegas.",,,Reno; Mill Street; postcard; needs verification; off-topic city
snv001117,UNLV Special Collections,"Las Vegas School, 1910, kids and teachers outside","Las Vegas School, 1910, kids and teachers outside.",,Suggested script page(s): P.58-59.,UNLV Special Collections,vegas; school; kids; teachers; outside
58647476,New York Public Library,Outhouses (TIF format available),Outhouses (TIF format available). Suggested script page(s): P.49-51.,,,New York Public Library,outhouses; format; available
pho033930-003,UNLV Special Collections,Woman near the tent,Wilson and Park families camping near Mt.,Charleston (Album 4).,"Suggested script page(s): general ref, no clear page.",UNLV Special Collections,wilson; park; families; camping; charleston; album
hln000124,UNLV Special Collections,"Men laying sewer pipe, Boulder City, ca. 1931","Men laying sewer pipe in Boulder City, circa 1931-1935.",Written on back: 10-12-31.,,,Boulder City; Sewer construction; Building; Men; Union Pacific Railroad Photographs
pho023136,UNLV Special Collections,"Sewer construction, Boulder City","Workers digging trench for sewer line, Boulder City, Nevada, circa 1933.",Water tank in background; houses pictured are Six Companies houses.,,,Boulder City; Sewer construction; Trench; Six Companies
Pho023137,UNLV Special Collections,"Sewer construction, Boulder City","Trench backfilling, Boulder City, Nevada, circa 1933.",,,,Boulder City; Sewer construction; Trench
hln000313,UNLV Special Collections,"Men laying sewer pipe, Boulder City","Irrigation pipe hanging over the banks of the Muddy River, Moapa Valley, Nevada, 1948.",NOTE: this is NOT Boulder City / not 1900-1920 era; likely not relevant to the 1911 documentary.,,,Moapa Valley; Irrigation; Elbert Edwards Photograph Collection
hln000338,UNLV Special Collections,"Men laying sewer pipe, Boulder City","Exposed sewer pipe in Pittman, Nevada, April 27, 1944 -- about 500 feet upstream from outlet, showing open joints and uneven grade/alignment.",NOTE: this is NOT Boulder City / not 1900-1920 era; likely not relevant to the 1911 documentary.,,,Pittman; Sewerage; Henderson Public Library Photograph Collection
hln000340,UNLV Special Collections,"Men laying sewer pipe, Boulder City","Outlet of 4-inch concrete sanitary sewer in Pittman, Nevada, April 27, 1944, near Midway Casino.",NOTE: this is NOT Boulder City / not 1900-1920 era; likely not relevant to the 1911 documentary.,,,Pittman; Sewerage; Henderson Public Library Photograph Collection
hln000423,UNLV Special Collections,"Men laying sewer pipe, Boulder City","Dirt road with sewer seepage in Pittman, Nevada, March 30, 1945, looking south towards Basic Magnesium and Railroad Pass.",NOTE: this is NOT Boulder City / not 1900-1920 era; likely not relevant to the 1911 documentary.,,,Pittman; Sewerage; Henderson Public Library Photograph Collection
pho005819,UNLV Special Collections,"Sewer construction, Boulder City","White truck belonging to Will Berg hauling pipe for the Round Mountain, Nevada town water system, probably 1920s (Nye County Photograph Collection).",NOTE: this is NOT Boulder City / not 1900-1920 era; likely not relevant to the 1911 documentary.,,,Round Mountain; Water-pipes; Nye County Photograph Collection
,,,"Contract No. 71, WPA Sewer Construction, Holden, laying 8 in. vitrified clay pipe, Dec. 5, 1939","Contract No. 71, WPA Sewer Construction, Holden, laying 8 in. vitrified clay pipe, looking northerly from Sta. 30+35, Holden Sewer, Holden, Mass., Dec. 5, 1939. Massachusetts Metropolitan District Water Supply Commission construction photograph. Off-topic reference image (Massachusetts, not Nevada) — generic period sewer-pipe-laying b-roll.",,,WPA; sewer construction; Holden Massachusetts; 1939; reference photo; off-topic
1a34194,Library of Congress,Crates of peaches,"Crates of peaches in the orchard, Delta County, Colo.","Crates of peaches in the orchard, Delta County, Colorado.",,"Library of Congress, Prints and Photographs Division","Peaches; Orchards; Crates; Delta County, Colorado"
3c37464,Library of Congress,"Eva wells, 1910 (low priority)","Eva Wells, Las Vegas, Nevada","Eva Wells, Las Vegas, Nevada. Gelatin silver print panoramic photograph, 10 x 43 in. Copyright deposit by West Coast Art Co. (Los Angeles, Cal.), November 25, 1910, No. 758. No known restrictions on publication.",,"Library of Congress, Panoramic Photographs Collection","Wells; Las Vegas, Nevada; Panoramic photographs"
,,,DPW-46 Vicente Street sewer near 30th Ave.,"Vicente Street sewer near 30th Ave., San Francisco, 1910. Photograph documenting sewer construction by the San Francisco Department of Public Works.",,"Archives of the City and County of San Francisco -- San Francisco Department of Public Works Bureau of Engineering Photograph Records, San Francisco Historical Photograph Collection, San Francisco History Center",Department of Public Works; Bureau of Engineering; Sewer; Wastewater; San Francisco Public Library; Brick; Invert; Vicente Street; Sewers; Public works; San Francisco; Construction
campphotoscollection:5365,University of Nevada Reno,"Downtown Reno, a few people","Downtown Reno, a few people","Downtown Reno, Nevada street scene with a few people visible. [University of Nevada, Reno -- Special Collections and University Archives, campphotoscollection] Permalink: https://unr.dgicloud.com/node/11156 (Note: full archive description page was gated behind a human-verification / bot-check step at the time of tagging; this metadata is based on the sheet-listed caption, not the archive detail page.)",,"University of Nevada, Reno -- Special Collections and University Archives",Reno; Nevada; Street scenes; Pedestrians
campphotoscollection:5367,University of Nevada Reno,Downtown Reno,Downtown Reno,"Downtown Reno, Nevada street scene. [University of Nevada, Reno -- Special Collections and University Archives, campphotoscollection] Permalink: https://unr.dgicloud.com/node/3206 (Note: full archive description page was gated behind a human-verification / bot-check step at the time of tagging; this metadata is based on the sheet-listed caption, not the archive detail page.)",,"University of Nevada, Reno -- Special Collections and University Archives",Reno; Nevada; Street scenes
hln000094,UNLV Special Collections,Gushing well (Unknown year in the decade of the 1900s (year approximate)),"Photograph of a gushing artesian well in the Las Vegas Valley, circa early 1900's","Gushing artesian well, the source of Las Vegas water supply. Transcribed from back of photo: ""Artesian well, source of Las Vegas water supply flows more than 3,500,000 gallons per day.""",,Charles P. Squires Photograph Collection,Artesian wells; Drilling and boring machinery; Artesian wells--Equipment and supplies; Las Vegas Valley; Clark County
pho004120,UNLV Special Collections,Street w/ construction (1910),"Photograph of Las Vegas, 1910","A black and white image of Las Vegas, Nevada. The then young town can be seen expanding its boundaries, as demonstrated by the shop being built on the right side of the street. Other stores, including a tailor shop and the Las Vegas Coffee House, are also visible from this angle, along with barren desert in the background. This photo was taken from a time capsule in the cornerstone of the Union Pacific Railroad station located in Las Vegas. The time capsule was placed there in 1940 and was later retrieved when the building was demolished around 1970.",,Union Pacific Railroad Photographs,"Cities and towns; Buildings; Coffeehouses; Deserts; Stores, Retail; Las Vegas"
pho004752,UNLV Special Collections,"Squires family at his mine, Mt. Charleston, 1912","Film transparency of Olive Lake, Herbert Squires, and Charles P. Squires, Mount Charleston, Nevada, 1912","Black and white image of Olive Lake and two others, presumed to be Herbert Squires and his father, Charles P. Squires, at the Squires mine at Mount Charleston near Las Vegas. Transcribed notes from Special Collections photo inventory: ""Charleston 1912. Olive, Herbert, & Dad at his mine, 2 miles on up the Canyon.""",,Lake-Eglington Family Photograph Collection,"Lake-Eglington, Olive; Squires, Herbert; Squires, Charles Pember; People; Men; Children; Mines and mineral resources; Charleston Peak"
pho014336,UNLV Special Collections,Street construction (1909 to 1910),"Photograph of Las Vegas, circa 1909-1910","Handwritten description provided on back of image: ""Looking south on 1st Street to intersection with Fremont Street.""",,"University of Nevada, Las Vegas Photograph Collection","Buildings; Streets; Stores, Retail; Storefronts; Las Vegas"
pho016723,UNLV Special Collections,Mesquite grocery and other shops,"Photograph of shops on Las Vegas street, circa early 1900s","Handwritten inscription given with photograph: ""Where we started our first store, I believe 208 or 209 Fremont.""",,Fred and Maurine Wilson Photograph Collection,Buildings; Storefronts
pho017616,UNLV Special Collections,Von Tobel inspecting supply wagon (Unknown year in the decade of the 1900s),"Photograph of Jake Beckley, partner with Ed Von Tobel, Sr., next to supply wagon, Las Vegas, 1900s","Jake Beckley, partner with Ed Von Tobel, Sr., is shown next to supply wagon on its way to one of the mining camps of the Rhyolite or Beatty Districts. Physical object has an insert containing additional biographical information.",,Jacob E. Von Tobel Photograph Collection,"Beckley, Jake; Wagons; Lumber"
snv001117,UNLV Special Collections,"Las Vegas School, 1910, kids and teachers outside","Photograph of students and teachers posing on the steps of the Las Vegas School, Las Vegas (Nev.), 1910","Photograph of students and teachers posing on the steps of the Las Vegas School, Las Vegas (Nev.), 1910.",,Fred and Maurine Wilson Photograph Collection,Las Vegas High School; Schools; Students; Teachers; School children; Portraits; Las Vegas
