archive,catalog_id,title_caption,source_url,topic,script_pages,downloaded,in_lightroom,metadata_attached,keywords
Huntington Library,photCL 470 (007),"LA Street scenes, 1905 (Squires before LV)",https://hdl.huntington.org/digital/collection/p15150coll2/id/4217,,P.11,Yes,Yes,Yes,"Street Scene; Charles “Pop” Squires; Los Angeles, CA; ca; hope; panorama; street scene"
Huntington Library,photCL Pierce 00059,"LA Street scenes, 1905",https://hdl.huntington.org/digital/collection/p15150coll2/id/3469,,P.11,Yes,Yes,Yes,"Street Scene; Los Angeles, CA; LA; Bank; Building; California"
Huntington Library,photCL Pierce 00062,"LA Street scenes, 1905",https://hdl.huntington.org/digital/collection/p15150coll2/id/3470,,P.11,Yes,Yes,Yes,"Street Scene; Los Angeles, CA; YMCA; architecture; california; carriage; commercial; pedestrians"
Huntington Library,photCL 470 (002),"LA Street scenes, 1905 (gallery upload)",https://hdl.huntington.org/digital/collection/p15150coll2/id/4229,,P.11,Yes,Yes,Yes,"Aerial View; Los Angeles, CA; aerial; balloon; city; los angeles; panorama; town"
Huntington Library,photCL 486 (030),"Union League building, Los Angeles (1957 - low priority)",https://hdl.huntington.org/digital/collection/p15150coll2/id/6210,,P.11 (loose),Yes,Yes,Yes,"Union League Club; Los Angeles, CA"
USC Digital Library,CHS-5711/CHS-5712,1914 Union League club in downtown panorama,https://digitallibrary.usc.edu/CS.aspx?VP3=DamView&VBID=2A3BXZ61RZE5O&PN=2&DocRID=2A3BF1QAVOR,,P.11 (loose),Yes,Yes,,Union League Club; Downtown; Panorama
USC Digital Library,CHS-5711,1914 Union League club in downtown panorama - different angle,https://digitallibrary.usc.edu/CS.aspx?VP3=DamView&VBID=2A3BXZ6SGSZGA&PN=2&DocRID=2A3BF1QA2YD,,P.11 (loose),Yes,Yes,Yes,Union League Club; Downtown; Panorama
USC Digital Library,CHS-5553,Curfew bell (1907 laws),https://digitallibrary.usc.edu/CS.aspx?VP3=DamView&VBID=2A3BXZ61I5OBW&PN=2&DocRID=2A3BF1C66CC,,P.58-59,Yes,Yes,Yes,bell; mount; riverside; mountain; rubidoux
USC Digital Library,CHS-2136,"La Grande Depot, Los Angeles",https://digitallibrary.usc.edu/CS.aspx?VP3=DamView&VBID=2A3BXZSBF6HLA&PN=1&DocRID=2A3BF1LXBZH,,P.9-11,Yes,Yes,Yes,"Railroad Depot; Los Angeles, CA"
Alamy,RYM9T9,"SP LA SL Railroad Depot, Riverside, California, 1905",https://www.alamy.com/san-pedro-los-angeles-salt-lake-railroad-depot-riverside-california-1905-california-riverside-the-san-pedro-los-angeles-salt-lake-ry-united-states-of-america-image240777273.html,,P.11,Yes,Yes,Yes,"Railroads; Railroad Depot; Los Angeles, CA; Riverside, CA"
USC Digital Library,CHS-33079,"Train crossing Santa Ana river, Riverside, 1904",https://digitallibrary.usc.edu/CS.aspx?VP3=DamView&VBID=2A3BXZ61RCFP5&PN=25&DocRID=2A3BF1YIGB0,,P.11,,Yes,Yes,"Trains; Riverside, CA; Santa Ana River, CA; arch bridge; bridge; crossing"
USC Digital Library,CHS-1130,"Picking strawberries in California, 1910 (Florence Boyer)",https://digitallibrary.usc.edu/CS.aspx?VP3=DamView&VBID=2A3BXZ64A78J3&PN=1&DocRID=2A3BF16BONA,,P.151,Yes,Yes,Yes,Strawberry Picking; Florence Boyer
New York Public Library,G91F370_004F,"Union League Club (Philadelphia), smoking room",https://digitalcollections.nypl.org/items/daa17960-c567-012f-fafd-58d385a7bc34,,P.11 (loose),,Yes,,"Union League Club; New York City, NY"
New York Public Library,723882F,"Wall St. Panic, 1907",https://digitalcollections.nypl.org/items/0bca26c0-c554-012f-2667-58d385a7bc34,,P.11 (loose),Yes,Yes,,"Financial Panic (Wall St., 1907); New York City, NY; Wall Street, NY"
New York Public Library,800387,"NYC street scene, 1910",https://digitalcollections.nypl.org/items/91e81af0-c559-012f-8b4b-58d385a7bc34,,"general ref, no clear page",Yes,Yes,,"Street Scene; New York City, NY"
New York Public Library,1583588,"Outhouses, 1902",https://digitalcollections.nypl.org/items/106ecd60-c6e9-012f-8823-58d385a7bc34,,P.49-51,,Yes,,"Outhouses / Privies; New York City, NY"
New York Public Library,1583589,"Outhouses, 1902",https://digitalcollections.nypl.org/items/1150ac60-c6e9-012f-af26-58d385a7bc34,,P.49-51,,Yes,,"Outhouses / Privies; New York City, NY"
New York Public Library,1583597,"Outhouses, 1902",https://digitalcollections.nypl.org/items/13f071b0-c6e9-012f-bdf5-58d385a7bc34,,P.49-51,Yes,Yes,,"Outhouses / Privies; New York City, NY"
New York Public Library,1576447,"Outhouses, 1902",https://digitalcollections.nypl.org/items/14967590-c6e9-012f-83e9-58d385a7bc34,,P.49-51,Yes,Yes,,"Outhouses / Privies; New York City, NY"
New York Public Library,58647476,Outhouses (TIF format available),https://digitalcollections.nypl.org/items/b33b8580-b977-0138-427d-3ff929dd87e1,,P.49-51,Yes,Yes,,"Outhouses / Privies; New York City, NY"
Private Source (Cragin-Pike Insurance),,Peter Buol's Insurance Co. building with sign,https://roughnotes.com/looking-back-looking-ahead-2/,,P.26,,,,
Private Source (robertgavora.com),,"Postcards of a flood 1910, Nevada (different place - ignore for Squires project)",https://www.robertgavora.com/pages/books/54905/result-reese-river-nevada-flood-1910-nevada-central-railway-seven-photographic-postcards,,(ignore per sheet note),,,,
Found Image Press (Amazon),1112,"Restaurant kitchen, for Overland Fire",https://www.amazon.com/dp/B0C2JFVWB4,,P.163-165,,,,Restaurant; Restaurant Kitchen; Fire
Reno Historical Society,,"Reno Mill & Lumber Company headquarters near the railroad tracks, Reno, Nevada (undated, pre-1913) -- pile of lumber and RR tracks in foreground",https://renohistorical.org/items/show/31,,P.17-21,Yes,,Yes,
Alamy,MC38R7,"Railroad workers - Northern Pacific pose outside railroad car housing, ca. 1910",https://www.alamy.com/workers-for-the-northern-pacific-pose-outside-of-their-railroad-car-housing-ca-1910-image179552331.html,,P.7-9,Yes,Yes,,Workers; Railroad Workers; Railroads; Railroad Car
Alamy,2RGMMJ1,"Interior grocery store (DGS Store, Wash DC, ca. 1910s)",https://www.alamy.com/interior-of-dgs-store-wash-dc-ca-1910s-image561021497.html,,P.55,Yes,Yes,,Grocery Store; Building Interior
Alamy,GDFDXG,"Outhouses, Bodie ghost town",https://www.alamy.com/stock-photo-bodie-ghost-town-intentional-noise-added-for-vintage-look-111592952.html,,P.49-51,Yes,Yes,,"Outhouses / Privies; Bodie, CA"
Alamy,DEAWCA,"Outhouses, Sacramento CA - company housing",https://www.alamy.com/in-sacramento-california-fifty-to-sixty-families-pay-1-per-month-for-image60475754.html,,P.49-51,Yes,Yes,,"Outhouses / Privies; Sacramento, CA"
Alamy,DHCE5Y,"Privy/outdoor toilet, company housing project",https://www.alamy.com/a-privy-or-outdoor-toilet-located-in-the-company-housing-project-of-image62354823.html,,P.49-51,Yes,Yes,,Outhouses / Privies
Alamy,2C74JDE,"Cesspool - aerial view (Germany, for reference)",https://www.alamy.com/cesspool-above-and-setting-pond-04072020-aerial-view-germany-schleswig-holstein-image365822618.html,,P.49-51,Yes,Yes,,Cesspools; Aerial View
Alamy,,Shovel in dirt (cesspool reference),https://www.alamy.com/simple-shovel-with-a-wooden-handle-is-stuck-in-a-dry-ground-in-an-unfinished-pit-image263985930.html,,P.49-51,,,,
Alamy,2NHY7BE,Sewer hole in dirt with ladder (cesspool/sewer construction),https://www.alamy.com/digging-a-deep-round-hole-with-sewer-line-drain-pipe-outlet-for-a-brick-or-concrete-septic-tank-sewer-cesspool-and-manhole-installation-image527358706.html,,"P.49-51, P.124-128",Yes,Yes,,Sewers; Sewer Construction; Cesspools
Alamy,105170989,Sanitation ring/metal mold (cesspool cover reference),https://www.alamy.com/stock-photo-detail-of-a-sanitation-ring-and-metal-mold-105170989.html,,P.49-51,,,,
Alamy,130432734,Bucket and cesspool-looking hole,https://www.alamy.com/stock-photo-a-golden-bucket-hanging-above-a-little-fountain-made-of-stone-130432734.html,,P.49-51,,,,
Alamy,,Dirty water / sewer channel,https://www.alamy.com/this-is-the-sewer-channel-of-almost-dead-clusters-of-dead-organic-matter-muddy-water-dim-reflection-of-the-sun-image729420866.html,,P.49-51,,,,
Alamy,,Filled cesspool (typhus fever reference figure),https://www.alamy.com/typhus-fever-with-particular-reference-to-the-serbian-epidemic-fig-1-filled-cesspool-image338447909.html,,P.49-51,,,,
Alamy,2EJ3T8R,"Water supply system diagram/drawing, 1900s",https://www.alamy.com/vintage-plans-of-building-system-of-drainage-and-water-supply-essential-to-proper-sanitation-1900s-image406987191.html,,P.124-128,Yes,Yes,Yes,
Alamy,M7WDBN,Horse wagons full of garbage - Dump story,https://www.alamy.com/stock-photo-the-image-titled-dump-story-appears-to-depict-a-scene-possibly-involving-176965593.html,,P.51,Yes,Yes,,Horses
Alamy,2M18K9B,"Drainage ditches - Southborough, Mass., 1899",https://www.alamy.com/sudbury-department-angellico-swamp-drainage-ditches-junction-of-a-and-c-lines-southborough-mass-dec-7-1899-waterworks-reservoirs-water-distribution-structures-swamps-construction-sites-watershed-sanitary-improvement-image499906103.html,,P.49-51,Yes,Yes,Yes,
Alamy,2M2JKTF,"Culvert - Malden, Mass., 1904",https://www.alamy.com/distribution-department-spot-pond-brook-winter-street-culvert-northerly-end-malden-mass-apr-30-1904-waterworks-brooks-watershed-sanitary-improvement-image500740703.html,,P.124-128,Yes,Yes,Yes,
Alamy,2M2JKRR,"Culvert / drainage area - Melrose, Mass., 1904",https://www.alamy.com/distribution-department-spot-pond-brook-wyoming-avenue-culvert-westerly-end-melrose-mass-apr-30-1904-waterworks-brooks-watershed-sanitary-improvement-image500740683.html,,P.124-128,Yes,Yes,Yes,
Nevada Historical Society,CH-00090,"Family with buggy and house, en route to Pioche",https://nevadahistory.pastperfectonline.com/photo/B79044F6-00C2-48EF-8802-623642261290,,P.71-77,Yes,Yes,Yes,"Families; Horse & Buggy; Pioche, NV"
Nevada Historical Society,CH-00740,On the way somewhere with a horse and buggy,https://nevadahistory.pastperfectonline.com/photo/1542E8D7-33D9-4AFC-8177-601402307910,,P.71-77,Yes,Yes,Yes,Horses; Horse & Buggy
Nevada Historical Society,ESM-01420,On the way somewhere with a horse and buggy,https://nevadahistory.pastperfectonline.com/photo/CF5CE2EF-8060-4F99-A419-115366004210,,P.71-77,Yes,,Yes,Horses; Horse & Buggy
Nevada Historical Society,CH-00542,"Flood/washout, 1910 (cheat - Fallon flood 1907)",https://nevadahistory.pastperfectonline.com/photo/85F34D11-5B34-4A66-9A83-368651104515,,P.129-136,,Yes,,Flood; Washout
Nevada Historical Society,CC-00324,"Fire Department, Carson City, 1890s",https://nevadahistory.pastperfectonline.com/photo/D655425C-6567-42AC-857F-461836246857,,P.56-61,Yes,Yes,Yes,"Fire; Fire Department; Carson City, NV"
Nevada Historical Society,CC-00323,"Fire Department, Carson City, 1890s",https://nevadahistory.pastperfectonline.com/photo/A6CFEA42-32E1-4A6D-A655-810133204835,,P.56-61,Yes,Yes,Yes,
Nevada Historical Society,CC-00802,"Fire Department, Carson City, 1890s",https://nevadahistory.pastperfectonline.com/photo/A43CF197-32FF-4384-BB2A-307042705340,,P.56-61,Yes,Yes,Yes,"Fire; Fire Department; Carson City, NV"
Bartlesville Area History Museum,,"Fire Department honor guard, Bartlesville OK",https://www.cityofbartlesville.org/fire-department-launches-honor-guard-marks-112-years-service/,,P.56-61,,,,
San Francisco Public Library,DPW-46,"San Francisco sewers, 1910, being built",https://digitalsf.org/record/6563,,P.124-128,Yes,Yes,Yes,
San Francisco Public Library,DPW-35,"San Francisco sewers with construction workers, 1910",https://digitalsf.org/record/6559,,P.124-128,Yes,Yes,Yes,"Workers; Construction Workers; Sewers; San Francisco, CA"
San Francisco Public Library,AAA-7143,"Union Square, San Francisco, circa 1910 [San Francisco Subjects Photograph Collection, SFP 162]",https://digitalsf.org/record/17191,,"general ref, no clear page",Yes,Yes,Yes,"Downtown; San Francisco, CA"
San Francisco Public Library,AAB-6085,"Intersection of Sutter, Sansome and Market Streets, San Francisco, March 28, 1910 [San Francisco Subjects Photograph Collection, SFP 162]",https://digitalsf.org/record/23966,,,Yes,Yes,Yes,"Downtown; San Francisco, CA"
Chicago History Museum,,"Banks in Chicago, LaSalle Street",https://images.chicagohistory.org/search/?searchQuery=bank+lasalle+1910,,P.87-90,,,,
Chicago History Museum,DN-0008569,"Five men with two carts holding bags at the entrance to the Union Trust Bank vault, Tribune Building (Madison & Dearborn), Chicago, 1910",https://images.chicagohistory.org/asset/704/,,P.87-90,Yes,Yes,Yes,
Chicago History Museum,,Chicago street scene,https://images.chicagohistory.org/asset/31985/,,P.87-90,,,,
Union Pacific Railroad Museum,,"1938 flood, same location as earlier flood photos (tracks and mud)",https://unionpacific.canto.com/v/UnionPacificCollection/library?keyword=FLOOD,,P.129-136,,,,
Union Pacific Railroad Museum,,"Railroad office, 1905",https://unionpacific.canto.com/v/UnionPacificCollection/library?keyword=nevada,,P.90,,,,
Library of Congress,1a34194,Crates of peaches,https://www.loc.gov/pictures/resource/fsac.1a34194/,,P.151-152,Yes,Yes,Yes,
Library of Congress,3c37464,"Eva wells, 1910 (low priority)",https://www.loc.gov/pictures/item/2007662551/,,P.30-38,Yes,Yes,Yes,
Northwest Museum (Ferris Archives),L87-1.5321X-10,"Spokane, 1910, city view",https://ferrisarchives.northwestmuseum.org/Item/Index/3699,,"general ref, no clear page",Yes,Yes,Yes,
Northwest Museum (Ferris Archives),L87-1.5637X-10,"Spokane, 1910, city view with big bank",https://ferrisarchives.northwestmuseum.org/Item/Index/3702,,"general ref, no clear page",Yes,Yes,,
Northwest Museum (Ferris Archives),L87-1.2383-10,"Spokane, 1910, grocery store",https://ferrisarchives.northwestmuseum.org/Item/Index/3657,,"general ref, no clear page",Yes,Yes,Yes,
Northwest Museum (Ferris Archives),L87-1.2384-10,"Spokane, 1910, fancy couple in a restaurant",https://ferrisarchives.northwestmuseum.org/Item/Index/3658,,"general ref, no clear page",Yes,Yes,Yes,
University of Nevada Reno,NC96_22_79_5,"Reno, quiet residential street",https://unr.dgicloud.com/node/48971,,P.136-142,,Yes,,"Street Scene; Residential Street; Reno, NV"
University of Nevada Reno,campphotoscollection:5367,Downtown Reno,https://unr.dgicloud.com/node/3206,,P.136-142,Yes,Yes,Yes,
University of Nevada Reno,campphotoscollection:5365,"Downtown Reno, a few people",https://unr.dgicloud.com/node/11156,,P.136-142,Yes,Yes,Yes,
Utah Historical Society,39222001456750,"Stagecoach with men, Ely NV, 1906",https://collections.lib.utah.edu/ark:/87278/s6sb4gh4,,P.38-42,Yes,Yes,Yes,"Men; Stagecoach; Ely, NV"
Utah Historical Society,39222001650972 / 206SPLASLUtahTicketOffice10,"SP LA SL RR ticket office exterior, Utah",https://collections.lib.utah.edu/ark:/87278/s6bv7r2w,,P.7-11,,,,"San Pedro, Los Angeles and  Salt Lake Railroad window."
Utah Historical Society,39222001650899,"SP LA SL train and men, exterior station, SLC, 1910",https://collections.lib.utah.edu/ark:/87278/s6cv4s68,,P.7-11,,Yes,,"At the Union Pacific Depot in Salt Lake City, August, 1910. Man on the right, Frank Dearman. Gift of: Robert W. Edwards."
Utah Historical Society,39222001684096,"Interior ticket counter with people, SLC, 1908",https://collections.lib.utah.edu/ark:/87278/s68g90jd,,P.7-11,,Yes,,People; Ticket Counter; Building Interior; Denver & Rio Grande; ticket counter
Utah Historical Society,39222001684088,"Interior ticket counter with people, SLC, 1906",https://collections.lib.utah.edu/ark:/87278/s6d79r8r,,P.7-11,,Yes,,People; Ticket Counter; Building Interior
Utah Historical Society,39222001686224,"Women with parasols sticking out of train window, 1909",https://collections.lib.utah.edu/ark:/87278/s6hh6zvd,,P.7-11,,Yes,,"Crowd at the Saltair Depot, June 29, 1909."
Utah Historical Society,22256,"SLC, LA Limited train, 1905",https://collections.lib.utah.edu/ark:/87278/s6x63wd7,,P.7-11,Yes,Yes,Yes,"Union Pacific Railroad 22256 Los Angeles Limited. Awaiting for arrival, Dec. 19, 1905. Shipler Photograph #2004"
Utah Historical Society,22257,"SLC, LA Limited train, 1905 (more steam)",https://collections.lib.utah.edu/ark:/87278/s6sf34nf,,P.7-11,Yes,Yes,Yes,"Trains; Los Angeles, CA; Steam / Smoke"
Utah Historical Society,17638,"Men and little boy posed by train, 1908",https://collections.lib.utah.edu/ark:/87278/s6v99qw4,,P.7-11,Yes,Yes,Yes,Men; Trains
Utah Historical Society,29905,"Train station waiting room, group of men outside, 1910, SLC",https://collections.lib.utah.edu/ark:/87278/s6s75w7v,,P.19-23,Yes,Yes,Yes,Western Pacific Railroad opening at the new Denver & Rio Grande Western Railroad Depot.
Utah Historical Society,29904,"Train station, crowd of men in hats, 1910, SLC",https://collections.lib.utah.edu/ark:/87278/s6x06mxq,,P.19-23,Yes,Yes,Yes,Crowds; Men; Trains; Train Station; 1910s Fashion
Utah Historical Society,29902,"Crowd of men and women with baggage waiting for train, 1910",https://collections.lib.utah.edu/ark:/87278/s65d95pn,,P.19-23,Yes,Yes,Yes,First trains out of Salt Lake at the new Denver & Rio Grande Western
Utah Historical Society,29903,"Crowd of men and women with baggage, facing away from train, 1910",https://collections.lib.utah.edu/ark:/87278/s61n8f0s,,P.19-23,Yes,Yes,Yes,First trains out of the new Denver & Rio Grande Western Railroad Depot
Utah Historical Society,22585,"RR dining car interior, people dressed up, 1905-6 (Peter Buol as cook)",https://collections.lib.utah.edu/ark:/87278/s6r50076,,P.19-23,Yes,Yes,Yes,"San Pedro, Los Angeles and Salt Lake dining car, June, 1905"
Utah Historical Society,22584,Empty dining car,https://collections.lib.utah.edu/ark:/87278/s6vx0qzt,,P.90-92,Yes,Yes,Yes,"San Pedro, Los Angeles and Salt Lake train (1st to L.A.) dining car"
Utah Historical Society,22586,SP LA SL Railroad cooks pose outside rail car,https://collections.lib.utah.edu/ark:/87278/s6mc97gg,,P.90-92,Yes,Yes,Yes,
Utah Historical Society,21339,"RR shops construction, 1905, foundation/workers/tracks, Idaho",https://collections.lib.utah.edu/ark:/87278/s6pk0qgj,,P.90-92,Yes,Yes,Yes,"San Pedro, Los Angeles and Salt Lake dining car with waiters, May, 1905. Shipler Photog. # 1525."
Utah Historical Society,523,"Workmen on tracks, 1900",https://collections.lib.utah.edu/ark:/87278/s68d1c1h,,P.90-92,Yes,Yes,Yes,"Central Pacific Railroad grade and bridge over Bear River at Corinne, looking east."
Utah Historical Society,27871,"Bamberger Line property, April 21, 1907 (Bamberger Railroad P.15)",https://collections.lib.utah.edu/ark:/87278/s6bg44vt,,P.90-92,Yes,Yes,Yes,"Bamberger Line property, April 21, 1907. Shipler Commercial Photography #2814."
Utah Historical Society,511,"Bamberger Railroad -- Cable Gang, Lagoon, Summer 1909 (Bamberger Railroad P.1)",https://collections.lib.utah.edu/ark:/87278/s6418cwb,,P.90-92,Yes,Yes,Yes,"Taken at the old main entrance of Lagoon, Summer 1909. Electrical cable crew of Bamberger Electric"
Utah Historical Society,573,"Denver and Rio Grande Western RR, east-bound train #6 crossing Soldier Summit, 1910 (D&RGW R.R. P.7)",https://collections.lib.utah.edu/ark:/87278/s6pk1zvr,,P.124-128,Yes,Yes,Yes,"Denver and Rio Grande Western RR, east-bound train #6, crossing the divide at Soldier Summit,"
Utah Historical Society,2646098,Steel oil tank,https://collections.lib.utah.edu/ark:/87278/s647memz,,"general ref, no clear page",,Yes,,
Utah Historical Society,2714858,Double coal house for company dwellings,https://collections.lib.utah.edu/ark:/87278/s6rby25h,,P.124-128,Yes,Yes,Yes,Coal House
Utah Historical Society,2714859,"Corrugated pipe siphon, 1910",https://collections.lib.utah.edu/ark:/87278/s6zc6tmp,,P.124-128,Yes,Yes,Yes,Corrugated Pipe Siphon
Utah Historical Society,2669736,"Water supply in concrete reservoir, 1905",https://collections.lib.utah.edu/ark:/87278/s6afswsn,,P.124-128,,Yes,,
Utah Historical Society,2714874,"Water supply in concrete reservoir, with materials list",https://collections.lib.utah.edu/ark:/87278/s648tkc4,,P.124-128,,Yes,,Water Tank / Reservoir; Water Supply; Concrete Reservoir
UNLV Special Collections,hln000124,"Men laying sewer pipe, Boulder City, ca. 1931",https://special.library.unlv.edu/ark%3A/62930/d1p846v6x,,P.124-128,Yes,Yes,Yes,"Men; Sewers; Sewer Pipe; Men Laying Sewer Pipe; Boulder City, NV"
UNLV Special Collections,hln000338,"Men laying sewer pipe, Boulder City",https://special.library.unlv.edu/ark%3A/62930/d16t0kw0p,,P.124-128,Yes,Yes,Yes,"Men; Sewers; Sewer Pipe; Men Laying Sewer Pipe; Boulder City, NV"
UNLV Special Collections,hln000340,"Men laying sewer pipe, Boulder City",https://special.library.unlv.edu/ark%3A/62930/d1zc7vt5h,,P.124-128,Yes,Yes,Yes,"Men; Sewers; Sewer Pipe; Men Laying Sewer Pipe; Boulder City, NV"
UNLV Special Collections,hln000313,"Men laying sewer pipe, Boulder City",https://special.library.unlv.edu/ark%3A/62930/d1fj2dc3h,,P.124-128,Yes,Yes,Yes,"Men; Sewers; Sewer Pipe; Men Laying Sewer Pipe; Boulder City, NV"
UNLV Special Collections,hln000423,"Men laying sewer pipe, Boulder City",https://special.library.unlv.edu/ark%3A/62930/d1nv9d94q,,P.124-128,Yes,Yes,Yes,"Men; Sewers; Sewer Pipe; Men Laying Sewer Pipe; Boulder City, NV"
UNLV Special Collections,pho005819,"Sewer construction, Boulder City",https://special.library.unlv.edu/ark%3A/62930/d1g15xg59,,P.124-128,Yes,Yes,Yes,"Sewers; Sewer Construction; Boulder City, NV"
UNLV Special Collections,Pho023137,"Sewer construction, Boulder City",https://special.library.unlv.edu/ark%3A/62930/d1qn5zh42,,P.124-128,Yes,Yes,Yes,"Sewers; Sewer Construction; Boulder City, NV"
UNLV Special Collections,pho023136,"Sewer construction, Boulder City",https://special.library.unlv.edu/ark%3A/62930/d1vd6p97q,,P.124-128,Yes,Yes,Yes,"Sewers; Sewer Construction; Boulder City, NV"
Digital Commonwealth,45,Sewer construction,https://www.digitalcommonwealth.org/search/commonwealth:xw42p9010,,P.124-128,Yes,Yes,Yes,Sewers; Sewer Construction
Temple University Digital Collections,AHAPZ202108000145,Sewer construction,https://digital.library.temple.edu/digital/collection/p245801coll13/id/4540,,P.124-128,,Yes,,Sewers; Sewer Construction
Utah Historical Society,429744,Sewer/water supply plans,https://collections.lib.utah.edu/details?id=429744,,P.124-128,,Yes,,Railroad Maps & Plans; Sewers; Water Supply
Utah Historical Society,429746,Sewer/water supply plans,https://collections.lib.utah.edu/details?id=429746,,P.124-128,,Yes,,Railroad Maps & Plans; Sewers; Water Supply
Utah Historical Society,429753,Sewer/water supply plans,https://collections.lib.utah.edu/details?id=429753,,P.124-128,,Yes,,Railroad Maps & Plans; Sewers; Water Supply
Utah Historical Society,429758,Sewer/water supply plans,https://collections.lib.utah.edu/details?id=429758,,P.124-128,,Yes,,Railroad Maps & Plans; Sewers; Water Supply
Western Mining History / UNLV,,Couple and dog in tent by creek (near Las Vegas Springs),https://www.stgeorgeutah.com/opinion/las-vegas-springs-preserve-day-water-and-railroad-meets-sin-city/article_75a7444d-72a1-5b34-b053-55d70c4021d4.html,,P.13-14,,,,
UNLV Special Collections,pho025998,"Clark County Courthouse (temporary building, 1909)",https://special.library.unlv.edu/ark%3A/62930/d1bg2m77h,,P.108-112,,Yes,,
Library of Congress,pan.6a13942,"Wide shot of Las Vegas, 1910, RR machine shops in progress",https://www.loc.gov/pictures/resource/pan.6a13942/,,"P.90-92, P.163",Yes,Yes,Yes,
UNLV Special Collections,pho016862,Techatticup Mine,https://special.library.unlv.edu/ark%3A/62930/d17p8th0m,,P.85,Yes,Yes,Yes,Mines
Western Mining History,pho023812-001,"Postcard of Searchlight, NV, 1907 (front) - low priority",https://westernmininghistory.com/gallery-image/41441/,,P.84-85,Yes,Yes,Yes,"Searchlight, NV; Postcard"
Western Mining History,,Searchlight/mining images - low priority,https://westernmininghistory.com/gallery-image/41440/,,P.84-85,,,,
Western Mining History,,Searchlight/mining images - low priority,https://westernmininghistory.com/gallery-image/41444/,,P.84-85,,,,
Western Mining History,,Searchlight/mining images - low priority,https://westernmininghistory.com/gallery-image/41446/,,P.84-85,,,,
UNLV Special Collections,pho009778,Searchlight mine,https://special.library.unlv.edu/ark%3A/62930/d1p26q47w,,P.84-85,Yes,Yes,Yes,"Mines; Searchlight, NV"
UNLV Special Collections,pho017608,Group of people with mail cart,https://special.library.unlv.edu/ark%3A/62930/d1tt4fx12,,P.23,Yes,Yes,,People
UNLV Special Collections,Snv001051,"Tonopah mine, 1908",https://special.library.unlv.edu/ark:/62930/d16w96p9w,,P.38-42,Yes,Yes,Yes,"Mines; Tonopah, NV"
UNLV Special Collections,Snv000203,"Goldfield mine, 1908 (series)",https://special.library.unlv.edu/ark%3A/62930/d1qn5zr5p,,P.39,Yes,Yes,,"Mines; Goldfield, NV"
UNLV Special Collections,Pho018544,"Goldfield mine, 1908",https://special.library.unlv.edu/ark%3A/62930/d1m03z18g,,P.39,Yes,Yes,,"Mines; Goldfield, NV"
UNLV Special Collections,Snv000194,"Goldfield, wide view",https://special.library.unlv.edu/ark%3A/62930/d1mw28t9k,,P.39,Yes,Yes,,"Goldfield, NV"
UNLV Special Collections,Pho023339,"Ely, building boom",https://special.library.unlv.edu/ark%3A/62930/d1mw28m0j,,P.40,Yes,Yes,,"Ely, NV"
UNLV Special Collections,Pho014500,3 men at Frenchman mine (incl. Earl Rockwell),https://special.library.unlv.edu/ark%3A/62930/d13t9d84z,,P.41,Yes,Yes,,Men; Mines; Earl Rockwell
UNLV Special Collections,Pho018532,8 men at Rawhide mine,https://special.library.unlv.edu/ark%3A/62930/d14x54m01,,P.38-42,Yes,Yes,,Men; Mines
UNLV Special Collections,Pho023008,"Pioche panorama, distant",https://special.library.unlv.edu/ark%3A/62930/d14j0b341,,P.71-77,Yes,Yes,,"Panorama; Pioche, NV"
UNLV Special Collections,Pho023927,Panorama of mountains and Pioche in the distance,https://special.library.unlv.edu/ark%3A/62930/d1sj19x4n,,P.72,Yes,Yes,,"Mountains; Panorama; Pioche, NV"
UNLV Special Collections,Pho023916,Pioche,https://special.library.unlv.edu/ark%3A/62930/d16q1sp4r,,P.72,Yes,Yes,,"Pioche, NV"
UNLV Special Collections,Pho023372,"Photograph of Pioche, dirt roads",https://special.library.unlv.edu/ark%3A/62930/d1c53f65m,,P.73,Yes,Yes,,"Road; Pioche, NV"
UNLV Special Collections,Pho023917,Pioche,https://special.library.unlv.edu/ark%3A/62930/d12z12w00,,P.73,Yes,Yes,,"Pioche, NV"
UNLV Special Collections,Snv000951,Pioche with wagon and horses,https://special.library.unlv.edu/ark%3A/62930/d1fx74c3w,,P.74,Yes,Yes,,"Horses; Pioche, NV"
UNLV Special Collections,Pho024781,"Will Beckley inside store, 1908 (hats)",https://special.library.unlv.edu/ark%3A/62930/d1445hj8m,,P.46,Yes,Yes,,Will Beckley; Beckley Family; 1910s Fashion
UNLV Special Collections,pho024853,"Beckley family, various (negative)",https://special.library.unlv.edu/ark%3A/62930/d1tb0z194,,P.46,Yes,Yes,,Families; Beckley Family
UNLV Special Collections,Pho024864-003,"Beckley family, various",https://special.library.unlv.edu/node/342440,,P.46,Yes,Yes,,Families; Beckley Family; album; dress; family; people; women
UNLV Special Collections,Pho024864,"Beckley family, various",https://special.library.unlv.edu/node/342441,,P.46,Yes,Yes,,Families; Beckley Family
UNLV Special Collections,Pho017849,On the way to Caliente,https://special.library.unlv.edu/ark%3A/62930/d1gb1xm27,,P.74,Yes,Yes,,"Caliente, NV"
UNLV Special Collections,Pho004751,Big Springs,https://special.library.unlv.edu/ark%3A/62930/d1vd6p460,,P.30-38,Yes,Yes,,Horses; Automobile; Big Spring; Trees; Springs
Over 50 Vegas,,"Squires and Brown in group (source page, image not yet located)",https://over50vegas.com/Pop_Squires_Observations.html,,P.14-17,,,,
UNLV Special Collections,pho004752,"Squires family at his mine, Mt. Charleston, 1912",https://special.library.unlv.edu/ark%3A/62930/d1qr4nq4p,,P.9-17 (loose),Yes,Yes,Yes,
UNLV Special Collections,pho033930-002,"People in a wagon in the woods, Mt. Charleston",https://special.library.unlv.edu/ark%3A/62930/d1028sc3g,,"general ref, no clear page",Yes,Yes,,"People; Mt. Charleston, NV; Horses; Camping; Mt. Charleston; Family; Wagon; Wilson and Park Families; Woods"
UNLV Special Collections,pho033930,Wilson and Park families camping near Mt. Charleston (Album 4),https://special.library.unlv.edu/ark%3A/62930/d11834f8d,,"general ref, no clear page",,Yes,,
UNLV Special Collections,pho033930-003,Woman near the tent,https://special.library.unlv.edu/ark%3A/62930/d1v982r0f,,"general ref, no clear page",Yes,,,Women; Camping
UNLV Special Collections,Pho033937-014,Smiling woman on a picnic,https://special.library.unlv.edu/ark%3A/62930/d1154hn5j,,P.163-165,Yes,Yes,,Women; Picnicking; Album; Park Families; Picnic; Woman; Smiling; Ice plant; Garden of the Gods
UNLV Special Collections,pho017607,"Westlake family, grocery",https://special.library.unlv.edu/ark%3A/62930/d1zg6gb2w,,"P.19, P.55",Yes,Yes,,Families; Grocery Store; Westlake Family
UNLV Special Collections,pho017618,Von Tobel and Beckley families picnicking,https://special.library.unlv.edu/ark%3A/62930/d1j960d4h,,P.163-165,Yes,Yes,,Families; Picnicking; Beckley Family; Von Tobel Family
UNLV Special Collections,snv002500,"First train arrives from LA in Las Vegas, crowd of people",https://special.library.unlv.edu/ark%3A/62930/d1fn1165b,,P.7,Yes,Yes,,"People; Crowds; Trains; Las Vegas, NV; Los Angeles, CA"
UNLV Special Collections,pho028106,"First grammar school, 1905-10",https://special.library.unlv.edu/ark%3A/62930/d16d5pk14,,P.58-59,Yes,Yes,,Grammar School; Schoolchildren
UNLV Special Collections,pho025881,"School class, 1915",https://special.library.unlv.edu/ark%3A/62930/d16t0kt56,,P.58-59,Yes,Yes,,School Class; Schoolchildren
UNLV Special Collections,pho019880,Caliente School (Ronnow children),https://special.library.unlv.edu/ark%3A/62930/d1wm13z3r,,P.112-119,Yes,Yes,,"Children; Schoolchildren; Charles Ronnow; Caliente, NV"
UNLV Special Collections,pho025511,Charles Ronnow (Ed Clark's business partner),https://special.library.unlv.edu/ark%3A/62930/d1zw1900m,,"P.119, P.38-42",Yes,Yes,,Ed Clark; Charles Ronnow
UNLV Special Collections,pho019878,"County commissioners (Harmon, Ronnow, others), ca. 1912-1914",https://special.library.unlv.edu/ark%3A/62930/d1513v09k,,P.108-112,Yes,Yes,,County Commissioners; Charles Ronnow; Harmon
UNLV Special Collections,pho025987,Methodist Church (curfew bell reference),http://n2t.net/ark:/62930/d1mw2cc2m,,P.58-59,Yes,Yes,Yes,
UNLV Special Collections,pho031617,Cracked mud from Meadow Valley Wash flood,https://special.library.unlv.edu/ark%3A/62930/d1cn6zb43,,P.129-133,Yes,Yes,Yes,
UNLV Special Collections,pho017706,"Harvest at J.I. Earl farm, Bunkerville, NV, 1905",https://special.library.unlv.edu/ark%3A/62930/d1pk07521,,P.148-151,Yes,Yes,Yes,
UNLV Special Collections,pho014397,"McGriff Ranch, early 1900s, man",https://special.library.unlv.edu/ark%3A/62930/d1901zj18,,P.151,Yes,Yes,Yes,
UNLV Special Collections,pho004895,"McGriff Ranch, early 1900s, people and house",https://special.library.unlv.edu/ark%3A/62930/d1wp9t64s,,P.151,Yes,Yes,Yes,
UNLV Special Collections,pho004794,Greenhouse at McGriff Ranch,https://special.library.unlv.edu/ark%3A/62930/d1f47gt3x,,P.151,Yes,Yes,Yes,
UNLV Special Collections,pho019885,"Della McGriff with man on the ranch, 1910s",https://special.library.unlv.edu/ark%3A/62930/d17s7hx3c,,P.151,Yes,,Yes,
UNLV Special Collections,pho004793,"Olive Lake at well on McGriff Ranch, Las Vegas",https://special.library.unlv.edu/ark%3A/62930/d1js9h75x,,P.151,Yes,Yes,Yes,
UNLV Special Collections,Pho019940,Johnnie Horden and others on Las Vegas Creek,https://special.library.unlv.edu/ark%3A/62930/d14q7qv1c,,P.13-14,Yes,Yes,Yes,
UNLV Special Collections,pho019942,"Camping, drinking beer, group smiling",https://special.library.unlv.edu/ark%3A/62930/d1w950s5n,,"P.13-14, P.163-165",Yes,Yes,Yes,
UNLV Special Collections,hln000245,"Flooding in Carp, NV, 1905",https://special.library.unlv.edu/ark%3A/62930/d10r9q359,,P.129-133,Yes,Yes,,
UNLV Special Collections,hln000246,"Flood, damaged tracks in Stine, NV, 1905",https://special.library.unlv.edu/ark%3A/62930/d1w090g0m,,P.129-133,Yes,Yes,,
UNLV Special Collections,Hln000247,"Flood damage in Stine, NV, 1905",https://special.library.unlv.edu/ark%3A/62930/d1r788n8t,,P.129-133,Yes,Yes,,
UNLV Special Collections,hln000264,"Flooding in desert, 1950s, windblown tree",https://special.library.unlv.edu/ark%3A/62930/d1jm26f7g,,P.129-133 (loose),Yes,Yes,,
UNLV Special Collections,hln000496,"Grading for a rail line, 1906, Kiel Ranch (horses, equipment)",https://special.library.unlv.edu/ark%3A/62930/d1ft8hj31,,P.90-92,Yes,Yes,,
UNLV Special Collections,pho016723,Mesquite grocery and other shops,https://special.library.unlv.edu/ark%3A/62930/d16d5pf1b,,P.55,Yes,Yes,Yes,
UNLV Special Collections,snv001117,"Las Vegas School, 1910, kids and teachers outside",https://special.library.unlv.edu/ark%3A/62930/d1g44j48c,,P.58-59,Yes,Yes,Yes,
UNLV Special Collections,Pho016224,Mrs. Park on her porch with dog,https://special.library.unlv.edu/ark%3A/62930/d1445hg0v,,P.160,Yes,,,
UNLV Special Collections,pho023728,"Country doctor in wagon, Nevada, 1880-1910",https://special.library.unlv.edu/ark%3A/62930/d1h41js9j,,P.151,Yes,Yes,Yes,
UNLV Special Collections (not digitized),,"Peach orchard, McGriff property, 1912 - NOT DIGITIZED",https://special.library.unlv.edu/node/751123,,P.151,,,,
UNLV Special Collections (not digitized),,"Flash flood in Stine, NV, 1905 - NOT DIGITIZED (some found digitized separately)",https://special.library.unlv.edu/node/85232,,P.129-133,,,,
UNLV Special Collections (not digitized),,"Bordoli ranch, 1910 - NOT DIGITIZED",https://special.library.unlv.edu/node/50090,,P.148-151,,,,
UNLV Special Collections (not digitized),,"Man on a horse at Bill Morgan's Old Ranch, 1910 - NOT DIGITIZED",https://special.library.unlv.edu/node/279361,,P.148-151,,,,
UNLV Special Collections (not digitized),,"People at Old Ranch, 1911 - NOT DIGITIZED",https://special.library.unlv.edu/node/279355,,P.148-151,,,,
UNLV Special Collections (not digitized),,"Leon Rockwell on the Colorado River, 1907 - NOT DIGITIZED",https://special.library.unlv.edu/node/279368,,"general ref, no clear page",,,,
UNLV Special Collections (not digitized),,"Ward's Mesquite Cash Grocery Store, 1908 (calendar image) - NOT DIGITIZED",https://special.library.unlv.edu/node/309947,,P.55,,,,
California Historical Society / USC Digital Library,CHS-20325,"View of the Chollar mine dump in Gold Hill, Nevada, ca. 1900 (re-downloaded at higher resolution, 1200x964)",https://digitallibrary.usc.edu/asset-management/2A3BF14KCN8?FR_=1&W=1092&H=597,P.51,,Yes,Yes,Yes,
Library of Congress,2012648308,"Goldfield, Nevada street scene, c. 1907",http://hdl.loc.gov/loc.pnp/cph.3a15639,P.51-54,,Yes,Yes,Yes,
Internet Archive / California Revealed,csfcp_000063,Goldfield-Rawhide NV 1904-1909 photo album (incl. 1905 and 1908 fire photos),https://archive.org/details/csfcp_000063,P.51-54,,,,,
Wikimedia Commons,82003220,"Brann Boardinghouse, Tonopah, NV, built 1906",https://en.wikipedia.org/wiki/Brann_Boardinghouse,P.42/43,,Yes,,Yes,
Wikimedia Commons,83001121,"Nortonia Boarding House, Reno, NV",https://en.wikipedia.org/wiki/Nortonia_Boarding_House,P.42/43,,Yes,,Yes,
Library of Congress (HABS),nv0072,"Old Lincoln County Courthouse (Million Dollar Courthouse), Pioche, NV",https://www.loc.gov/item/nv0072/,P.67,,Yes,Yes,Yes,
Town of Tonopah,TNV006,"Nye County Courthouse, Tonopah, NV, 1910",https://www.tonopahnevada.com/tonopah-historic-photos/,P.67,,Yes,Yes,Yes,
Wikimedia Commons,17527202,"Southern Nevada Consolidated Telephone-Telegraph Co. Building, Goldfield, NV, 1906","https://commons.wikimedia.org/wiki/File:Southern_Nevada_Consolidated_Telephone-Telegraph_Company_Building,_Goldfield,_Nevada.jpg",P.119,,Yes,,Yes,
Library of Congress,2013647219,"Telephone operator at work (switchboard), c. 1922",https://lccn.loc.gov/2013647219,P.119,,Yes,Yes,Yes,
Wikimedia Commons,8473926,"Street scenery, Goldfield, NV",https://commons.wikimedia.org/wiki/File:Goldfield_NV_-_street_scenery.jpg,P.119,,Yes,,Yes,
Town of Tonopah,TNV005,"Nevada-California Power Company facility, 1906",https://www.tonopahnevada.com/tonopah-historic-photos/,P.119,,Yes,Yes,Yes,
Library of Congress (Chronicling America),sn86076141_1910-01-01,"Las Vegas Age newspaper, front page, January 1, 1910",https://www.loc.gov/resource/sn86076141/1910-01-01/ed-1/?sp=1,P.120-121,,Yes,Yes,Yes,
Library of Congress,2016864143,"Tasker Oddie, Governor of Nevada, portrait, 1912, Standing",https://lccn.loc.gov/2016864143,P.156,,Yes,Yes,Yes,
Library of Congress,2016860954,"Tasker Oddie, Senator, portrait",https://lccn.loc.gov/2016860954,P.156,,Yes,Yes,Yes,
Library of Congress,2014696545,"Gov. Oddie at USS Nevada launching, July 11, 1914 (exposure a)",https://loc.gov/pictures/resource/ggbain.16569/,P.156,,Yes,Yes,Yes,
Library of Congress,2014696546,"Gov. Oddie at USS Nevada launching, July 11, 1914 (exposure b)",https://lccn.loc.gov/2014696546,P.156,,Yes,Yes,Yes,
Town of Tonopah,TNV001,"Drilling competition, Tonopah Railroad Carnival, 1904",https://www.tonopahnevada.com/tonopah-historic-photos/,P.178,,Yes,Yes,Yes,
Town of Tonopah,TNV002,"Double-jack drilling contest, Tonopah, July 4, 1903",https://www.tonopahnevada.com/tonopah-historic-photos/,P.178,,Yes,Yes,Yes,
Town of Tonopah,TNV003,"Railroad Days celebration, Tonopah, 1904",https://www.tonopahnevada.com/tonopah-historic-photos/,P.178,,Yes,Yes,Yes,
Town of Tonopah,TNV004,"Boxing match, Tonopah Athletic Club, 1900s",https://www.tonopahnevada.com/tonopah-historic-photos/,P.178,,Yes,Yes,Yes,
Library of Congress,2007662543,"Alfalfa fields, Las Vegas, Nevada, 1910",https://lccn.loc.gov/2007662543,P.119,,Yes,Yes,Yes,
Library of Congress,2003665483,"Reading room, 10-cent lodging house, Bowery, NYC, c. 1908",https://lccn.loc.gov/2003665483,P.119,,Yes,Yes,Yes,
California Historical Society / USC Digital Library,CHS-258,"Los Angeles Times Building, First St. and Broadway, ca. 1905 (low-res only)",https://doi.org/10.25549/chs-m958,P.119,,Yes,Yes,Yes,
Wikimedia Commons,177247046,"Denver S. Dickerson, Governor of Nevada, portrait, c. 1908-1910","https://commons.wikimedia.org/wiki/File:Denver_S._Dickerson,_c._1908-1910.jpg",P.104,,Yes,,Yes,
Library of Congress,00694311,"Sunset Limited, Southern Pacific Ry (Edison film, video), 1898",https://lccn.loc.gov/00694311,P.23,,,Yes,,
Library of Congress,00694263,"Overland Express arriving at Helena, Mont (Edison film, video), 1897",https://lccn.loc.gov/00694263,P.23,,,Yes,,
Library of Congress,00694211,"Freight train (Edison film, video), 1898",https://lccn.loc.gov/00694211,P.23,,,Yes,,
Library of Congress,2012646311,"Mary's Dance Hall, Goldfield, Nevada, 1907",https://lccn.loc.gov/2012646311,P.50,,Yes,Yes,Yes,
UNLV Special Collections,pho019906,"Photograph of Tonopah, Nevada, 1906 (aerial view including red light district)",http://n2t.net/ark:/62930/d1j67916m,,,Yes,Yes,Yes,
UNLV Special Collections,pho018500,"Aerial photograph of Pioche, Nevada, 1870-1889 (Million Dollar Courthouse visible)",http://n2t.net/ark:/62930/d1445hg77,,,Yes,Yes,Yes,
UNLV Special Collections,pho019905,"Delamar, Nevada, 1907 (panorama)",http://n2t.net/ark:/62930/d1nv99f9p,,,Yes,Yes,Yes,
UNLV Special Collections,pho019907,"Clara Beatty, former director of the Nevada State Historical Society, undated",http://n2t.net/ark:/62930/d1df6k73z,,,,,,
UNLV Special Collections,pho019908,"Eva Stewart, undated",http://n2t.net/ark:/62930/d18p5vf09,,,,,,
UNLV Special Collections,pho019909,"Mrs. Clarence Mackay, undated",http://n2t.net/ark:/62930/d14x54m6x,,,,,,
UNLV Special Collections,pho019910,"U.S. Senator William A. Clark from Montana, undated",http://n2t.net/ark:/62930/d1154dt1m,,,Yes,Yes,Yes,
UNLV Special Collections,pho019911,"Governor Emmett D. Boyle of Nevada signing resolution for the Nineteenth Amendment, 1920 February 07",http://n2t.net/ark:/62930/d1wd3q561,,,Yes,Yes,Yes,
UNLV Special Collections,pho019912,"Anne Martin campaign for U.S. Senate, approximately 1918-1920",http://n2t.net/ark:/62930/d1rn30c3r,,,Yes,Yes,Yes,
UNLV Special Collections,pho019913,"Groundbreaking ceremony: Al Coradetti, Rodney Colton, Ira Earl, Frank Gusewelle (county/city commissioners), undated",http://n2t.net/ark:/62930/d1n00zz1c,,,,,,
UNLV Special Collections,pho019915,"Pioche, Nevada, 1885",http://n2t.net/ark:/62930/d1cf9jb46,,,,,,
UNLV Special Collections,pho019916,"Pioche, Nevada, 1906 (street scene, Bank of Pioche)",http://n2t.net/ark:/62930/d17p8tj02,,P.71-77,Yes,Yes,Yes,"Banks; Pioche, NV"
UNLV Special Collections,pho019917,"Pioche, Nevada, 1906 (street scene, Clark's Place)",http://n2t.net/ark:/62930/d13x83q56,,,Yes,Yes,Yes,
UNLV Special Collections,pho019918,"Helen Hackett, Rose Valley School, Lincoln County, Nevada, 1931",http://n2t.net/ark:/62930/d1057cx1c,,,,,,
UNLV Special Collections,pho023005,"Bullionville & Pioche Railroad Grade in Condor Canyon, Nevada, 1915-1917",http://n2t.net/ark:/62930/d1hq3s43n,,,Yes,Yes,Yes,
UNLV Special Collections,pho026753,Basic Magnesium future plant site (context: near Stewart Ranch imagery search) (1942-03-26),https://special.library.unlv.edu/ark:/62930/d1sf27,1905 Land Auction / Founding,,Yes,Yes,Yes,
UNLV Special Collections,pho007059,"Stewart Ranch, Las Vegas, transparency (1900 to 1939)",https://special.library.unlv.edu/ark:/62930/d1cf9j65w,1905 Land Auction / Founding,,Yes,Yes,Yes,
UNLV Special Collections,pho007102,"Stewart Ranch, Las Vegas, postcard (1900 to 1939)",https://special.library.unlv.edu/ark:/62930/d1tb0xv61,1905 Land Auction / Founding,,Yes,Yes,Yes,
UNLV Special Collections,snv002550,"McWilliams' Townsite, group of men outside businesses (1905)",https://special.library.unlv.edu/ark:/62930/d17s7j68s,1905 Land Auction / Founding,,Yes,Yes,Yes,
UNLV Special Collections,snv002501,Wagon train / 16-horse team passing Las Vegas Bank & Trust (1905),https://special.library.unlv.edu/ark:/62930/d19w09d16,1905 Land Auction / Founding,,Yes,Yes,Yes,
UNLV Special Collections,pho004764,"Film transparency of a Las Vegas and Tonopah Railroad Company train car, Las Vegas, circa early 1900s",https://special.library.unlv.edu/ark:/62930/d15q4rk8r,1905 Land Auction / Founding,,Yes,Yes,Yes,
UNLV Special Collections,pho006190,Delphine Squires with daughters (1900 to 1905),https://special.library.unlv.edu/ark:/62930/d1ns0kx6q,Squires / early businessmen,P.9-11,Yes,Yes,,"Children; Charles “Pop” Squires; Delphine Squires; Los Angeles, CA; Squires; delphine square; family; children; farm"
UNLV Special Collections,pho006891,Building big tent / temp depot (1905),https://special.library.unlv.edu/ark:/62930/d12z12p7p,Squires / early businessmen,,,Yes,,
UNLV Special Collections,hln000072,"Photograph of riders near the Vegas Creek at the Stewart Ranch camp in Las Vegas, circa 1905-1906",https://special.library.unlv.edu/ark:/62930/d1h12z678,Squires / early businessmen,,Yes,Yes,Yes,
UNLV Special Collections,hln000066,"Photograph of people camped on the Colorado River in the Vegas Wash, 1910",https://special.library.unlv.edu/ark:/62930/d18g8jh0j,Squires / early businessmen,,Yes,Yes,Yes,
UNLV Special Collections,pho006181,"Squires (WARNING: search hit resolves to 1984-1986, likely wrong item, verify manually) (1984 to 1986)",https://special.library.unlv.edu/ark:/62930/d1th8bn05,Squires / early businessmen,,Yes,Yes,Yes,
UNLV Special Collections,pho006296,Bank / W.E. Hawkins Store (1900 to 1915),https://special.library.unlv.edu/ark:/62930/d13b5w77d,Squires / early businessmen,,Yes,Yes,Yes,
UNLV Special Collections,pho006890,"Exterior view of the Las Vegas Trading Company, advertising lumber, lime, cement, etc., with a horse coach in front, 1905 -- second Squires photo album page 9 image 4 [Charles P. Squires Photograph Collection]. CORRECTED 2026-08-27: previous title on this row (""Las Vegas Trading Co. / Thomas building"") was close but imprecise -- confirmed exact title/details via UNLV item page.",https://special.library.unlv.edu/ark:/62930/d16q1sh0k,Squires / early businessmen,"P.71 — New WorkFlow (Las Vegas construction, 1905-1915)",Yes,Yes,,
UNLV Special Collections,pho014336,Street construction (1909 to 1910),https://special.library.unlv.edu/ark:/62930/d1gt5fh7v,Squires / early businessmen,"P.71 — New WorkFlow (Las Vegas construction, 1905-1915)",Yes,Yes,Yes,
UNLV Special Collections,pho017616,Von Tobel inspecting supply wagon (Unknown year in the decade of the 1900s),https://special.library.unlv.edu/ark:/62930/d1st7f136,Squires / early businessmen,,Yes,Yes,Yes,
UNLV Special Collections,pho004120,Street w/ construction (1910),https://special.library.unlv.edu/ark:/62930/d1pz51k90,Squires / early businessmen,,Yes,Yes,Yes,
UNLV Special Collections,pho025802,Peter Buol (1911 to 1913),https://special.library.unlv.edu/ark:/62930/d1mk65f9t,Peter Buol / wells / water,,,Yes,Yes,
UNLV Special Collections,hln000094,Gushing well (Unknown year in the decade of the 1900s (year approximate)),https://special.library.unlv.edu/ark:/62930/d14j0dw83,Peter Buol / wells / water,,Yes,Yes,Yes,
UNLV Special Collections,hln000062,"Photograph of people at Las Vegas Spring, before 1915",https://special.library.unlv.edu/ark:/62930/d1sf2qb3v,Peter Buol / wells / water,,Yes,Yes,Yes,
UNLV Special Collections,hln000003,"Photograph of bridge over Vegas Creek, Las Vegas, circa 1900",https://special.library.unlv.edu/ark:/62930/d1610zr3z,Peter Buol / wells / water,,Yes,Yes,Yes,
UNLV Special Collections,hln000040,Well in stream (1911 to 1949),https://special.library.unlv.edu/ark:/62930/d1mw2cd5h,Peter Buol / wells / water,,,,,
UNLV Special Collections,hln000221,"Photograph of a drill rig putting down the hole for the first well in the Las Vegas Heights District, circa 1907",https://special.library.unlv.edu/ark:/62930/d13n23d35,Peter Buol / wells / water,,Yes,Yes,Yes,
UNLV Special Collections,hln000239,"Photograph of artesian well in Paradise Valley, before 1920",https://special.library.unlv.edu/ark:/62930/d1s759j63,Peter Buol / wells / water,,Yes,Yes,Yes,
UNLV Special Collections,hln000023,"Photograph of first artesian well in Las Vegas Valley on Taylor Ranch, with group of men, before 1910",https://special.library.unlv.edu/ark:/62930/d1tm7507m,Peter Buol / wells / water,,Yes,Yes,Yes,
UNLV Special Collections,hln000024,"Photograph of first artesian well in Las Vegas Valley on Taylor Ranch, Clark County, before 1910",https://special.library.unlv.edu/ark:/62930/d1pv6f63g,Peter Buol / wells / water,,Yes,Yes,Yes,
UNLV Special Collections,hln000039,"Well, women (open start to 1920)",https://special.library.unlv.edu/ark:/62930/d1rn33685,Peter Buol / wells / water,,,Yes,,
UNLV Special Collections,pho013038,Ed Clark age 25 / Forwarding Company (1904 to 1906),https://special.library.unlv.edu/ark:/62930/d1vm4300k,Ed Clark / mining-town boom / Lincoln County,,Yes,Yes,Yes,
UNLV Special Collections,pho020567,"Postcard of Tonopah Belmont Development Company's mine and mill, Tonopah (Nev.), September 18, 1912",https://special.library.unlv.edu/ark:/62930/d1ht2gg9z,Ed Clark / mining-town boom / Lincoln County,,Yes,Yes,Yes,
UNLV Special Collections,pho013444,"Photograph of a wagon hauling freight in Eldorado Canyon, circa 1911-1915 [Elbert Edwards Photograph Collection]",https://special.library.unlv.edu/ark:/62930/d1j678z5t,Ed Clark / mining-town boom / Lincoln County,"P.58 — New WorkFlow (wagons, Eldorado Canyon)",Yes,Yes,Yes,
