image_id,Archive,Caption,Description,Downloaded,In Lightroom,Metadata Attached
CL-00560,Nevada Historical Society,"Aftermath of fire; ruins of commercial buildings, Las Vegas, Clark County, Nevada, 1907.","Object type: Print, Photographic. Nevada Historical Society catalogue, supplied by Sarah Patton (Archivist) 2026-09-02; PastPerfect not public for this item.",true,,
ED-00039,Nevada Historical Society,"A major fire at the Elko Grammar School Christmas Day 1918 Elko County, Nevada.","Object type: Newspaper Clipping. Nevada Historical Society catalogue, supplied by Sarah Patton (Archivist) 2026-09-02; PastPerfect not public for this item.",true,,
EF-01708,Nevada Historical Society,"The fire of May 14, 1910, Fallon, Churchill County, Nevada.","Object type: Real Photo Postcard. Nevada Historical Society catalogue, supplied by Sarah Patton (Archivist) 2026-09-02; PastPerfect not public for this item.",true,,
EF-01925,Nevada Historical Society,"Damage from the Goldfield Fire of 1906, Goldfield, Esmeralda County, Nevada October 10, 1906.","Photo has two dates on it; October 10 and October 27, 1906 (?) Object type: Real Photo Postcard. Nevada Historical Society catalogue, supplied by Sarah Patton (Archivist) 2026-09-02; PastPerfect not public for this item.",true,,
ELKO-00920,Nevada Historical Society,"Fire at Elko School, Elko, Elko County, Nevada Dec. 25, 1918.","Object type: Print, Photographic. Nevada Historical Society catalogue, supplied by Sarah Patton (Archivist) 2026-09-02; PastPerfect not public for this item.",true,,
ESM-00999,Nevada Historical Society,"Photograph of fire, Florence-Goldfield Mill. Goldfield, Esmeralda County, Nevada. December 2, 1911.","Object type: Print, Photographic. Nevada Historical Society catalogue, supplied by Sarah Patton (Archivist) 2026-09-02; PastPerfect not public for this item.",true,,
ESM-01119,Nevada Historical Society,"Photograph of a fire scene. Goldfield, Esmeralda County, Nevada. c1906.","Object type: Print, Photographic. Nevada Historical Society catalogue, supplied by Sarah Patton (Archivist) 2026-09-02; PastPerfect not public for this item.",true,,
ESM-01312,Nevada Historical Society,"Photograph of fire at the Florence Mine, Goldfield, Esmeralda County, Nevada. December 2, 1911.","Object type: Print, Photographic. Nevada Historical Society catalogue, supplied by Sarah Patton (Archivist) 2026-09-02; PastPerfect not public for this item.",true,,
ESM-01565,Nevada Historical Society,"Photograph of the Fire Wagon of the Goldfield Volunteer Fire Department in front of the Goldfield Subdivision Branch of the State Bank. Goldfield, Esmeralda County, Nevada c1908.","Object type: Print, Photographic. Nevada Historical Society catalogue, supplied by Sarah Patton (Archivist) 2026-09-02; PastPerfect not public for this item.",true,,
NYE-01337,Nevada Historical Society,"Photograph of fire department horses 'Rox' and 'Don'; Tonopah, Nye County, Nevada. c1914.","Object type: Print, Photographic. Nevada Historical Society catalogue, supplied by Sarah Patton (Archivist) 2026-09-02; PastPerfect not public for this item.",true,,
NYE-01342,Nevada Historical Society,"Photograph of firemen; Chief Henry 'Poke' Kelly, number 3 on left; Tonopah, Nye County, Nevada. 1915.","Object type: Print, Photographic. Nevada Historical Society catalogue, supplied by Sarah Patton (Archivist) 2026-09-02; PastPerfect not public for this item.",true,,
NYE-02123,Nevada Historical Society,"A fire hose demonstration on a city street; Tonopah, Nye County, Nevada. c1912.","Object type: Real Photo Postcard. Nevada Historical Society catalogue, supplied by Sarah Patton (Archivist) 2026-09-02; PastPerfect not public for this item.",true,,
ST-00406,Nevada Historical Society,"Photograph of fire of October 1914; International Hotel; people in photograph are Grace Bernice, left with hat; Miss Anderson, second right of Grace Bernice; next is a little boy named Bobby; Virginia City, Storey County, Nevada. 1914.","Object type: Postcard. Nevada Historical Society catalogue, supplied by Sarah Patton (Archivist) 2026-09-02; PastPerfect not public for this item.",true,,
ST-02595,Nevada Historical Society,"A shaft fire at the Belcher Mine in Gold Hill May 25, 1916 Storey County, Nevada.","Object type: Print, Photographic. Nevada Historical Society catalogue, supplied by Sarah Patton (Archivist) 2026-09-02; PastPerfect not public for this item.",true,,
WA-12367,Nevada Historical Society,"Real photo postcard of a fire on East Fourth Street in Reno, Washoe County, Nevada in June 1912. Photo by W.E. Cann.","Object type: Real Photo Postcard. Nevada Historical Society catalogue, supplied by Sarah Patton (Archivist) 2026-09-02; PastPerfect not public for this item.",true,,
BIO-O-00038,Nevada Historical Society,Portrait of Tasker L. Oddie,"Source: Nevada Historical Society catalogue, via Sarah Patton note. Nevada Historical Society catalogue, supplied by Sarah Patton (Archivist) 2026-09-02. Not published on the society's public PastPerfect at the time of supply.",true,,true
BIO-O-00056,Nevada Historical Society,"Group of some 45 men gathered around a table, apparently a political or international occasion, perhaps the signing of papers; Senator Tasker L. Oddie just left of the chair on the left side, cane and hat in hand","Source: Nevada Historical Society catalogue, via Sarah Patton note. Nevada Historical Society catalogue, supplied by Sarah Patton (Archivist) 2026-09-02. Not published on the society's public PastPerfect at the time of supply.",true,,true
CA-00138,Nevada Historical Society,"Bodie buildings, with outhouses and sheds in the rear of later constructed homes, Bodie, Mono County, California, probably 1900 to 1925","Source: Nevada Historical Society catalogue, via Sarah Patton note. Nevada Historical Society catalogue, supplied by Sarah Patton (Archivist) 2026-09-02. Not published on the society's public PastPerfect at the time of supply.",true,,true
EF-01397,Nevada Historical Society,"Lincoln County Court House, Pioche, Lincoln County, Nevada, c1908","Source: Nevada Historical Society catalogue, via Sarah Patton note. Nevada Historical Society catalogue, supplied by Sarah Patton (Archivist) 2026-09-02. Not published on the society's public PastPerfect at the time of supply.",true,,true
LN-00156,Nevada Historical Society,"A panoramic view of Pioche with the courthouse in the distance, Lincoln County, Nevada, 1907","Source: Nevada Historical Society catalogue, via Sarah Patton note. Nevada Historical Society catalogue, supplied by Sarah Patton (Archivist) 2026-09-02. Not published on the society's public PastPerfect at the time of supply.",true,,true
NYE-00715,Nevada Historical Society,"Ranch house owned by Tasker L. Oddie, Oddie second from left, Pine Creek, Nye County, Nevada, c1908","Source: Nevada Historical Society catalogue, via Sarah Patton note. Nevada Historical Society catalogue, supplied by Sarah Patton (Archivist) 2026-09-02. Not published on the society's public PastPerfect at the time of supply.",true,,true
NYE-01593,Nevada Historical Society,"The just completed Mizpah Saloon, Tonopah, Nye County, Nevada, 1901; men in photograph: Wilse Brougher, Frank Humphrey, John Humphrey, Harry Stimler, John Nay, Tasker Oddie, Jack Myles, Jim Hughes, Billy Marsh, Bob Logan. See back of photograph for Lottie Stimler Nay reminiscence; also Nevada State Journal, May 14, 1950, page 8","Source: Nevada Historical Society catalogue, via Sarah Patton note. Nevada Historical Society catalogue, supplied by Sarah Patton (Archivist) 2026-09-02. Not published on the society's public PastPerfect at the time of supply.",true,,true
NYE-01718,Nevada Historical Society,"From left: J. H. Jenkins, Mr. and Mrs. Jim Butler, C. W. Ingalls, Fred Pheby, ___ Thompson, Clay Peters, Louis Mau, Tom Pheby, Joe Pheby and Tasker L. Oddie at the Mizpah Shaft, Nye County, Nevada, Fall 1901","Source: Nevada Historical Society catalogue, via Sarah Patton note. Nevada Historical Society catalogue, supplied by Sarah Patton (Archivist) 2026-09-02. Not published on the society's public PastPerfect at the time of supply.",true,,true
NYE-01746,Nevada Historical Society,"From left: Tasker L. Oddie and Mr. and Mrs. Jim Butler at the Jim Butler Mine, Nye County, Nevada, 1900","Source: Nevada Historical Society catalogue, via Sarah Patton note. Nevada Historical Society catalogue, supplied by Sarah Patton (Archivist) 2026-09-02. Not published on the society's public PastPerfect at the time of supply.",true,,true
smith0128,Nevada Historical Society,"Home interior decorated for Christmas, Tonopah, Nye County, Nevada, c1910. Three children with children's toys, Christmas decorations and era furnishings; toys include train, dolls, automobiles, teddy bear and other stuffed animals, tea set, baby buggy, fire engine, toy stove and rocking horse; furnishings include piano, chair and phonograph. Mount reads ""Tonopah Studio E. W. Smith Tonopah, Nev."" Photograph by Emory Willard (E. W.) Smith","Source: embedded metadata (E. W. Smith). Nevada Historical Society catalogue, supplied by Sarah Patton (Archivist) 2026-09-02. Not published on the society's public PastPerfect at the time of supply.",true,,true
