when,filename,moved_to,original_path
2026-09-03T17:26:59,hln000440.jpg,_Uploaded to Lightroom/hln000440.jpg,August 12/Lorenzi Park (Garrett Collection)/hln000440.jpg
2026-09-03T17:26:59,TNV001.jpg,_Uploaded to Lightroom/TNV001.jpg,August 26/Celebratory Images/TNV001.jpg
2026-09-03T17:26:59,TNV002.jpg,_Uploaded to Lightroom/TNV002.jpg,August 26/Celebratory Images/TNV002.jpg
2026-09-03T17:26:59,TNV003.jpg,_Uploaded to Lightroom/TNV003.jpg,August 26/Celebratory Images/TNV003.jpg
2026-09-03T17:26:59,TNV004.jpg,_Uploaded to Lightroom/TNV004.jpg,August 26/Celebratory Images/TNV004.jpg
2026-09-03T17:26:59,sn86076141_1910-01-01.jpg,_Uploaded to Lightroom/sn86076141_1910-01-01.jpg,August 26/Corkhill and Newspapers/sn86076141_1910-01-01.jpg
2026-09-03T17:26:59,2012646311.tif,_Uploaded to Lightroom/2012646311.tif,August 26/Garbage Collector and Dancing/2012646311.tif
2026-09-03T17:26:59,pho004103.tif,_Uploaded to Lightroom/pho004103.tif,August 26/Garbage Collector and Dancing/pho004103.tif
2026-09-03T17:26:59,177247046.jpg,_Uploaded to Lightroom/177247046.jpg,August 26/Governor Dickerson/177247046.jpg
2026-09-03T17:26:59,2014696545.tif,_Uploaded to Lightroom/2014696545.tif,August 26/Governor Oddie/2014696545.tif
2026-09-03T17:26:59,2014696546.tif,_Uploaded to Lightroom/2014696546.tif,August 26/Governor Oddie/2014696546.tif
2026-09-03T17:26:59,2016860954.tif,_Uploaded to Lightroom/2016860954.tif,August 26/Governor Oddie/2016860954.tif
2026-09-03T17:26:59,2016864143.tif,_Uploaded to Lightroom/2016864143.tif,August 26/Governor Oddie/2016864143.tif
2026-09-03T17:26:59,2007662543.tif,_Uploaded to Lightroom/2007662543.tif,August 26/Los Angeles 1905/2007662543.tif
2026-09-03T17:26:59,pho018500.tif,_Uploaded to Lightroom/pho018500.tif,August 26/Manual Additions/pho018500.tif
2026-09-03T17:26:59,2003665483.tif,_Uploaded to Lightroom/2003665483.tif,August 26/Newspaper Readers/2003665483.tif
2026-09-03T17:26:59,chs-m958.jpg,_Uploaded to Lightroom/chs-m958.jpg,August 26/Newspaper Readers/chs-m958.jpg
2026-09-03T17:26:59,pho019905.tif,_Uploaded to Lightroom/pho019905.tif,August 26/PH-00033 Nevada Historical Society Collection/pho019905.tif
2026-09-03T17:26:59,pho019906.tif,_Uploaded to Lightroom/pho019906.tif,August 26/PH-00033 Nevada Historical Society Collection/pho019906.tif
2026-09-03T17:26:59,pho019911.tif,_Uploaded to Lightroom/pho019911.tif,August 26/PH-00033 Nevada Historical Society Collection/pho019911.tif
2026-09-03T17:26:59,pho019912.tif,_Uploaded to Lightroom/pho019912.tif,August 26/PH-00033 Nevada Historical Society Collection/pho019912.tif
2026-09-03T17:26:59,pho019916.tif,_Uploaded to Lightroom/pho019916.tif,August 26/PH-00033 Nevada Historical Society Collection/pho019916.tif
2026-09-03T17:26:59,pho019917.tif,_Uploaded to Lightroom/pho019917.tif,August 26/PH-00033 Nevada Historical Society Collection/pho019917.tif
2026-09-03T17:26:59,pho023005.tif,_Uploaded to Lightroom/pho023005.tif,August 26/PH-00119 Lincoln County Museum Collection/pho023005.tif
2026-09-03T17:26:59,2013647219.tif,_Uploaded to Lightroom/2013647219.tif,August 26/Phone and Power Company/2013647219.tif
2026-09-03T17:26:59,TNV005.jpg,_Uploaded to Lightroom/TNV005.jpg,August 26/Phone and Power Company/TNV005.jpg
2026-09-03T17:26:59,TNV006.jpg,_Uploaded to Lightroom/TNV006.jpg,August 26/Pioche 1900-1910/TNV006.jpg
2026-09-03T17:26:59,nv0072.tif,_Uploaded to Lightroom/nv0072.tif,August 26/Pioche 1900-1910/nv0072.tif
2026-09-03T17:26:59,CHS-1876.jpg,_Uploaded to Lightroom/CHS-1876.jpg,August 26/Riverside and LA Street Scenes (CHS-USC)/CHS-1876.jpg
2026-09-03T17:26:59,CHS-5247.jpg,_Uploaded to Lightroom/CHS-5247.jpg,August 26/Riverside and LA Street Scenes (CHS-USC)/CHS-5247.jpg
2026-09-03T17:26:59,2012648308.tif,_Uploaded to Lightroom/2012648308.tif,August 26/Town Fires 1900s/2012648308.tif
2026-09-03T17:26:59,snv002501.tif,_Uploaded to Lightroom/snv002501.tif,August 27/1905 Land Auction - McWilliams Townsite/snv002501.tif
2026-09-03T17:26:59,snv002550.tif,_Uploaded to Lightroom/snv002550.tif,August 27/1905 Land Auction - McWilliams Townsite/snv002550.tif
2026-09-03T17:26:59,pho017802.jpg,_Uploaded to Lightroom/pho017802.jpg,August 27/Cahlan Family/pho017802.jpg
2026-09-03T17:26:59,snv000705.tif,_Uploaded to Lightroom/snv000705.tif,August 27/Caliente Depot - Newhouse Party 1906/snv000705.tif
2026-09-03T17:26:59,snv000706.tif,_Uploaded to Lightroom/snv000706.tif,August 27/Caliente Depot - Newhouse Party 1906/snv000706.tif
2026-09-03T17:26:59,pho014116-006.tif,_Uploaded to Lightroom/pho014116-006.tif,August 27/Charles P. Squires Photograph Album 2/pho014116-006.tif
2026-09-03T17:26:59,pho013038.tif,_Uploaded to Lightroom/pho013038.tif,August 27/Ed Clark - Mining Boom Lincoln County/pho013038.tif
2026-09-03T17:26:59,pho025987.tif,_Uploaded to Lightroom/pho025987.tif,August 27/First Methodist Church - Las Vegas/pho025987.tif
2026-09-03T17:26:59,AAA-7143.tiff,_Uploaded to Lightroom/AAA-7143.tiff,August 27/General Reference - SF Streets/AAA-7143.tiff
2026-09-03T17:26:59,AAB-6085.tiff,_Uploaded to Lightroom/AAB-6085.tiff,August 27/General Reference - SF Streets/AAB-6085.tiff
2026-09-03T17:26:59,pho025988.tif,_Uploaded to Lightroom/pho025988.tif,August 27/Las Vegas Townsite - Methodist Church and Courthouse/pho025988.tif
2026-09-03T17:26:59,pho025999.tif,_Uploaded to Lightroom/pho025999.tif,August 27/Las Vegas Townsite - Methodist Church and Courthouse/pho025999.tif
2026-09-03T17:26:59,pho023019.tif,_Uploaded to Lightroom/pho023019.tif,August 27/Lincoln County Courthouse - Pioche/pho023019.tif
2026-09-03T17:26:59,pho023833.tif,_Uploaded to Lightroom/pho023833.tif,August 27/Lincoln County Courthouse - Pioche/pho023833.tif
2026-09-03T17:26:59,pho023834.tif,_Uploaded to Lightroom/pho023834.tif,August 27/Lincoln County Courthouse - Pioche/pho023834.tif
2026-09-03T17:26:59,snv000856.tif,_Uploaded to Lightroom/snv000856.tif,August 27/Lincoln County Courthouse - Pioche/snv000856.tif
2026-09-03T17:26:59,pho023875.tif,_Uploaded to Lightroom/pho023875.tif,August 27/Manual Additions/pho023875.tif
2026-09-03T17:26:59,pho023877.tif,_Uploaded to Lightroom/pho023877.tif,August 27/Manual Additions/pho023877.tif
2026-09-03T17:26:59,pho023879.tif,_Uploaded to Lightroom/pho023879.tif,August 27/Manual Additions/pho023879.tif
2026-09-03T17:26:59,pho023882.tif,_Uploaded to Lightroom/pho023882.tif,August 27/Manual Additions/pho023882.tif
2026-09-03T17:26:59,pcrd.1d03667.tif,_Uploaded to Lightroom/pcrd.1d03667.tif,August 27/Nevada State Capitol - Carson City (LOC)/pcrd.1d03667.tif
2026-09-03T17:26:59,pho006111.tif,_Uploaded to Lightroom/pho006111.tif,August 27/Overland Hotel Fire 1911/pho006111.tif
2026-09-03T17:26:59,pho021802.tif,_Uploaded to Lightroom/pho021802.tif,August 27/Overland Hotel Fire 1911/pho021802.tif
2026-09-03T17:26:59,pho023728.tif,_Uploaded to Lightroom/pho023728.tif,August 27/P.151 Country Doctor Wagon/pho023728.tif
2026-09-03T17:26:59,map000278.tif,_Uploaded to Lightroom/map000278.tif,August 27/P.41 Gold Rush - Goldfield Mining Boom/map000278.tif
2026-09-03T17:26:59,pho016483.tif,_Uploaded to Lightroom/pho016483.tif,August 27/P.41 Gold Rush - Goldfield Mining Boom/pho016483.tif
2026-09-03T17:26:59,snv000021.tif,_Uploaded to Lightroom/snv000021.tif,August 27/P.41 Gold Rush - Goldfield Mining Boom/snv000021.tif
2026-09-03T17:26:59,snv000207.tif,_Uploaded to Lightroom/snv000207.tif,August 27/P.41 Gold Rush - Goldfield Mining Boom/snv000207.tif
2026-09-03T17:26:59,pho016809.tif,_Uploaded to Lightroom/pho016809.tif,August 27/P.58 Early Automobile - Oldsmobile Limited 1910/pho016809.tif
2026-09-03T17:26:59,pho013444.tif,_Uploaded to Lightroom/pho013444.tif,August 27/P.58 Eldorado Canyon Wagons/pho013444.tif
2026-09-03T17:26:59,snv001161.tif,_Uploaded to Lightroom/snv001161.tif,August 27/P.58 Eldorado Canyon Wagons/snv001161.tif
2026-09-03T17:26:59,snv001260.tif,_Uploaded to Lightroom/snv001260.tif,August 27/P.58 Eldorado Canyon Wagons/snv001260.tif
2026-09-03T17:26:59,snv001968.tif,_Uploaded to Lightroom/snv001968.tif,August 27/P.58 Eldorado Canyon Wagons/snv001968.tif
2026-09-03T17:26:59,pho008436.tif,_Uploaded to Lightroom/pho008436.tif,August 27/P.58 Street Scenes with Automobiles/pho008436.tif
2026-09-03T17:26:59,pho021796.tif,_Uploaded to Lightroom/pho021796.tif,August 27/P.58 Street Scenes with Automobiles/pho021796.tif
2026-09-03T17:26:59,snv002526.tif,_Uploaded to Lightroom/snv002526.tif,August 27/P.58 Street Scenes with Automobiles/snv002526.tif
2026-09-03T17:26:59,snv001959.tif,_Uploaded to Lightroom/snv001959.tif,August 27/P.58 Wagon on Desert Road - Ferron and Bracken/snv001959.tif
2026-09-03T17:26:59,pho013039.tif,_Uploaded to Lightroom/pho013039.tif,August 27/P.66 County Clerks Office/pho013039.tif
2026-09-03T17:26:59,hln001314.tif,_Uploaded to Lightroom/hln001314.tif,August 27/P.66 Walter Bracken Desk Office/hln001314.tif
2026-09-03T17:26:59,pho006889.tif,_Uploaded to Lightroom/pho006889.tif,"August 27/P.71 Construction - Squires Album (Bank, Trading Co)/pho006889.tif"
2026-09-03T17:26:59,pho006890.tif,_Uploaded to Lightroom/pho006890.tif,"August 27/P.71 Construction - Squires Album (Bank, Trading Co)/pho006890.tif"
2026-09-03T17:26:59,pho006892.tif,_Uploaded to Lightroom/pho006892.tif,"August 27/P.71 Construction - Squires Album (Bank, Trading Co)/pho006892.tif"
2026-09-03T17:26:59,pho023919.tif,_Uploaded to Lightroom/pho023919.tif,August 27/P.73 Pioche Offices - Osborne Law Office/pho023919.tif
2026-09-03T17:26:59,snv002556.tif,_Uploaded to Lightroom/snv002556.tif,August 27/P.91 Machine Shop Interior 1909-1910/snv002556.tif
2026-09-03T17:26:59,2018677796.tif,_Uploaded to Lightroom/2018677796.tif,August 28/2018677796.tif
2026-09-03T17:26:59,pho006301.tif,_Uploaded to Lightroom/pho006301.tif,August 28/pho006301.tif
2026-09-03T17:26:59,pho014697.tif,_Uploaded to Lightroom/pho014697.tif,August 28/pho014697.tif
2026-09-03T17:26:59,pho019910.tif,_Uploaded to Lightroom/pho019910.tif,August 28/pho019910.tif
2026-09-03T17:26:59,27871.jpg,_Uploaded to Lightroom/27871.jpg,August 31/27871.jpg
2026-09-03T17:26:59,29905.jpg,_Uploaded to Lightroom/29905.jpg,August 31/29905.jpg
2026-09-03T17:26:59,45.tif,_Uploaded to Lightroom/45.tif,August 31/45.tif
2026-09-03T17:26:59,511.jpg,_Uploaded to Lightroom/511.jpg,August 31/511.jpg
2026-09-03T17:26:59,523.jpg,_Uploaded to Lightroom/523.jpg,August 31/523.jpg
2026-09-03T17:26:59,573.jpg,_Uploaded to Lightroom/573.jpg,August 31/573.jpg
2026-09-03T17:26:59,CHS-20325.jpg,_Uploaded to Lightroom/CHS-20325.jpg,August 31/CHS-20325.jpg
2026-09-03T17:26:59,DN-0008569.jpg,_Uploaded to Lightroom/DN-0008569.jpg,August 31/DN-0008569.jpg
2026-09-03T17:26:59,DPW-35.tiff,_Uploaded to Lightroom/DPW-35.tiff,August 31/DPW-35.tiff
2026-09-03T17:26:59,Reno Mill and Lumber Company.jpeg,_Uploaded to Lightroom/Reno Mill and Lumber Company.jpeg,August 31/Reno Mill and Lumber Company.jpeg
2026-09-03T17:26:59,hln000003.tif,_Uploaded to Lightroom/hln000003.tif,August 31/hln000003.tif
2026-09-03T17:26:59,hln000023.tif,_Uploaded to Lightroom/hln000023.tif,August 31/hln000023.tif
2026-09-03T17:26:59,hln000024.tif,_Uploaded to Lightroom/hln000024.tif,August 31/hln000024.tif
2026-09-03T17:26:59,hln000062.tif,_Uploaded to Lightroom/hln000062.tif,August 31/hln000062.tif
2026-09-03T17:26:59,hln000066.tif,_Uploaded to Lightroom/hln000066.tif,August 31/hln000066.tif
2026-09-03T17:26:59,hln000068.tif,_Uploaded to Lightroom/hln000068.tif,August 31/hln000068.tif
2026-09-03T17:26:59,hln000072.tif,_Uploaded to Lightroom/hln000072.tif,August 31/hln000072.tif
2026-09-03T17:26:59,hln000221.tif,_Uploaded to Lightroom/hln000221.tif,August 31/hln000221.tif
2026-09-03T17:26:59,hln000239.tif,_Uploaded to Lightroom/hln000239.tif,August 31/hln000239.tif
2026-09-03T17:26:59,pan.6a13942.tif,_Uploaded to Lightroom/pan.6a13942.tif,August 31/pan.6a13942.tif
2026-09-03T17:26:59,pho004764.tif,_Uploaded to Lightroom/pho004764.tif,August 31/pho004764.tif
2026-09-03T17:26:59,pho004793.tif,_Uploaded to Lightroom/pho004793.tif,August 31/pho004793.tif
2026-09-03T17:26:59,pho004794.tif,_Uploaded to Lightroom/pho004794.tif,August 31/pho004794.tif
2026-09-03T17:26:59,pho004806.tif,_Uploaded to Lightroom/pho004806.tif,August 31/pho004806.tif
2026-09-03T17:26:59,pho004893.tif,_Uploaded to Lightroom/pho004893.tif,August 31/pho004893.tif
2026-09-03T17:26:59,pho004895.tif,_Uploaded to Lightroom/pho004895.tif,August 31/pho004895.tif
2026-09-03T17:26:59,pho006079.tif,_Uploaded to Lightroom/pho006079.tif,August 31/pho006079.tif
2026-09-03T17:26:59,pho006091.tif,_Uploaded to Lightroom/pho006091.tif,August 31/pho006091.tif
2026-09-03T17:26:59,pho006099.tif,_Uploaded to Lightroom/pho006099.tif,August 31/pho006099.tif
2026-09-03T17:26:59,pho006181.tif,_Uploaded to Lightroom/pho006181.tif,August 31/pho006181.tif
2026-09-03T17:26:59,pho006198.tif,_Uploaded to Lightroom/pho006198.tif,August 31/pho006198.tif
2026-09-03T17:26:59,pho006293.tif,_Uploaded to Lightroom/pho006293.tif,August 31/pho006293.tif
2026-09-03T17:26:59,pho006296.tif,_Uploaded to Lightroom/pho006296.tif,August 31/pho006296.tif
2026-09-03T17:26:59,pho007059.tif,_Uploaded to Lightroom/pho007059.tif,August 31/pho007059.tif
2026-09-03T17:26:59,pho007102.tif,_Uploaded to Lightroom/pho007102.tif,August 31/pho007102.tif
2026-09-03T17:26:59,pho009778.tif,_Uploaded to Lightroom/pho009778.tif,August 31/pho009778.tif
2026-09-03T17:26:59,pho009800.tif,_Uploaded to Lightroom/pho009800.tif,August 31/pho009800.tif
2026-09-03T17:26:59,pho012890.tif,_Uploaded to Lightroom/pho012890.tif,August 31/pho012890.tif
2026-09-03T17:26:59,pho013214.tif,_Uploaded to Lightroom/pho013214.tif,August 31/pho013214.tif
2026-09-03T17:26:59,pho013444.tif,_Uploaded to Lightroom/_duplicate on disk/pho013444.tif,August 31/pho013444.tif
2026-09-03T17:26:59,pho013522.tif,_Uploaded to Lightroom/pho013522.tif,August 31/pho013522.tif
2026-09-03T17:26:59,pho013953.tif,_Uploaded to Lightroom/pho013953.tif,August 31/pho013953.tif
2026-09-03T17:26:59,pho014397.tif,_Uploaded to Lightroom/pho014397.tif,August 31/pho014397.tif
2026-09-03T17:26:59,pho014468.tif,_Uploaded to Lightroom/pho014468.tif,August 31/pho014468.tif
2026-09-03T17:26:59,pho014576.tif,_Uploaded to Lightroom/pho014576.tif,August 31/pho014576.tif
2026-09-03T17:26:59,pho014952.tif,_Uploaded to Lightroom/pho014952.tif,August 31/pho014952.tif
2026-09-03T17:26:59,pho016224.tif,_Uploaded to Lightroom/pho016224.tif,August 31/pho016224.tif
2026-09-03T17:26:59,pho016862.tif,_Uploaded to Lightroom/pho016862.tif,August 31/pho016862.tif
2026-09-03T17:26:59,pho017630.tif,_Uploaded to Lightroom/pho017630.tif,August 31/pho017630.tif
2026-09-03T17:26:59,pho017706.tif,_Uploaded to Lightroom/pho017706.tif,August 31/pho017706.tif
2026-09-03T17:26:59,pho017850.tif,_Uploaded to Lightroom/pho017850.tif,August 31/pho017850.tif
2026-09-03T17:26:59,pho018411.tif,_Uploaded to Lightroom/pho018411.tif,August 31/pho018411.tif
2026-09-03T17:26:59,pho019795.tif,_Uploaded to Lightroom/pho019795.tif,August 31/pho019795.tif
2026-09-03T17:26:59,pho019885.tif,_Uploaded to Lightroom/pho019885.tif,August 31/pho019885.tif
2026-09-03T17:26:59,pho019940.tif,_Uploaded to Lightroom/pho019940.tif,August 31/pho019940.tif
2026-09-03T17:26:59,pho019942.tif,_Uploaded to Lightroom/pho019942.tif,August 31/pho019942.tif
2026-09-03T17:26:59,pho019972.tif,_Uploaded to Lightroom/pho019972.tif,August 31/pho019972.tif
2026-09-03T17:26:59,pho020087.tif,_Uploaded to Lightroom/pho020087.tif,August 31/pho020087.tif
2026-09-03T17:26:59,pho020567.tif,_Uploaded to Lightroom/pho020567.tif,August 31/pho020567.tif
2026-09-03T17:26:59,pho021842.tif,_Uploaded to Lightroom/pho021842.tif,August 31/pho021842.tif
2026-09-03T17:26:59,pho023367.tif,_Uploaded to Lightroom/pho023367.tif,August 31/pho023367.tif
2026-09-03T17:26:59,pho023809.tif,_Uploaded to Lightroom/pho023809.tif,August 31/pho023809.tif
2026-09-03T17:26:59,pho023812-001.tif,_Uploaded to Lightroom/pho023812-001.tif,August 31/pho023812-001.tif
2026-09-03T17:26:59,pho023866.tif,_Uploaded to Lightroom/pho023866.tif,August 31/pho023866.tif
2026-09-03T17:26:59,pho023868.tif,_Uploaded to Lightroom/pho023868.tif,August 31/pho023868.tif
2026-09-03T17:26:59,pho023869.tif,_Uploaded to Lightroom/pho023869.tif,August 31/pho023869.tif
2026-09-03T17:26:59,pho023870.tif,_Uploaded to Lightroom/pho023870.tif,August 31/pho023870.tif
2026-09-03T17:26:59,pho023871.tif,_Uploaded to Lightroom/pho023871.tif,August 31/pho023871.tif
2026-09-03T17:26:59,pho023872.tif,_Uploaded to Lightroom/pho023872.tif,August 31/pho023872.tif
2026-09-03T17:26:59,pho023873.tif,_Uploaded to Lightroom/pho023873.tif,August 31/pho023873.tif
2026-09-03T17:26:59,pho023874.tif,_Uploaded to Lightroom/pho023874.tif,August 31/pho023874.tif
2026-09-03T17:26:59,pho023878.tif,_Uploaded to Lightroom/pho023878.tif,August 31/pho023878.tif
2026-09-03T17:26:59,pho023880.tif,_Uploaded to Lightroom/pho023880.tif,August 31/pho023880.tif
2026-09-03T17:26:59,pho025129.tif,_Uploaded to Lightroom/pho025129.tif,August 31/pho025129.tif
2026-09-03T17:26:59,pho025819.tif,_Uploaded to Lightroom/pho025819.tif,August 31/pho025819.tif
2026-09-03T17:26:59,pho026753.tif,_Uploaded to Lightroom/pho026753.tif,August 31/pho026753.tif
2026-09-03T17:26:59,pho031101.tif,_Uploaded to Lightroom/pho031101.tif,August 31/pho031101.tif
2026-09-03T17:26:59,pho031198.tif,_Uploaded to Lightroom/pho031198.tif,August 31/pho031198.tif
2026-09-03T17:26:59,pho031199.tif,_Uploaded to Lightroom/pho031199.tif,August 31/pho031199.tif
2026-09-03T17:26:59,pho031617.tif,_Uploaded to Lightroom/pho031617.tif,August 31/pho031617.tif
2026-09-03T17:26:59,pho032884.tif,_Uploaded to Lightroom/pho032884.tif,August 31/pho032884.tif
2026-09-03T17:26:59,pho033453.tif,_Uploaded to Lightroom/pho033453.tif,August 31/pho033453.tif
2026-09-03T17:26:59,snv000843.tif,_Uploaded to Lightroom/snv000843.tif,August 31/snv000843.tif
2026-09-03T17:26:59,snv001103.tif,_Uploaded to Lightroom/snv001103.tif,August 31/snv001103.tif
2026-09-03T17:26:59,snv001104.tif,_Uploaded to Lightroom/snv001104.tif,August 31/snv001104.tif
2026-09-03T17:26:59,snv001857.tif,_Uploaded to Lightroom/snv001857.tif,August 31/snv001857.tif
2026-09-03T17:26:59,snv001921.tif,_Uploaded to Lightroom/snv001921.tif,August 31/snv001921.tif
2026-09-03T17:26:59,snv001925.tif,_Uploaded to Lightroom/snv001925.tif,August 31/snv001925.tif
2026-09-03T17:26:59,snv002515.tif,_Uploaded to Lightroom/snv002515.tif,August 31/snv002515.tif
2026-09-03T17:26:59,snv002558.tif,_Uploaded to Lightroom/snv002558.tif,August 31/snv002558.tif
2026-09-03T17:26:59,pho007072.tif,_Uploaded to Lightroom/pho007072.tif,July 14/Stewart (Helen J.) Photographs - Freight Teams/pho007072.tif
2026-09-03T17:26:59,pho007073.tif,_Uploaded to Lightroom/pho007073.tif,July 14/Stewart (Helen J.) Photographs - Freight Teams/pho007073.tif
2026-09-03T17:26:59,pho007141.tif,_Uploaded to Lightroom/pho007141.tif,July 15/1905 Land Auction - McWilliamstown/pho007141.tif
2026-09-03T17:26:59,pho012947.tif,_Uploaded to Lightroom/pho012947.tif,July 15/Elbert Edwards Photograph Collection/pho012947.tif
2026-09-03T17:26:59,pho013120.tif,_Uploaded to Lightroom/pho013120.tif,July 15/Elbert Edwards Photograph Collection/pho013120.tif
2026-09-03T17:26:59,pho028388.tif,_Uploaded to Lightroom/pho028388.tif,July 15/Goldfield Fire and Mining (Rinker Collection)/pho028388.tif
2026-09-03T17:26:59,snv000187.tif,_Uploaded to Lightroom/snv000187.tif,July 15/Goldfield Fire and Mining (Rinker Collection)/snv000187.tif
2026-09-03T17:26:59,snv000210.tif,_Uploaded to Lightroom/snv000210.tif,July 15/Goldfield Fire and Mining (Rinker Collection)/snv000210.tif
2026-09-03T17:26:59,pho023832.tif,_Uploaded to Lightroom/pho023832.tif,July 15/James Hulse Photograph Collection - Pioche/pho023832.tif
2026-09-03T17:26:59,master-pnp-pan-6a13000-6a13900-6a13942u.tif,_Uploaded to Lightroom/master-pnp-pan-6a13000-6a13900-6a13942u.tif,July 15/Library of Congress/master-pnp-pan-6a13000-6a13900-6a13942u.tif
2026-09-03T17:26:59,snv000636.tif,_Uploaded to Lightroom/snv000636.tif,July 15/Lincoln County Museum Photograph Collection/snv000636.tif
2026-09-03T17:26:59,D99999_539.tif,_Uploaded to Lightroom/D99999_539.tif,July 15/Nevada State Capitol - Carson City (Walking Box Ranch Collection)/D99999_539.tif
2026-09-03T17:26:59,D99999_590.tif,_Uploaded to Lightroom/D99999_590.tif,July 15/Nevada State Capitol - Carson City (Walking Box Ranch Collection)/D99999_590.tif
2026-09-03T17:26:59,pho006145.tif,_Uploaded to Lightroom/pho006145.tif,July 15/Squires Family Photographs - Ed Clark/pho006145.tif
2026-09-03T17:26:59,pho007074.tif,_Uploaded to Lightroom/pho007074.tif,July 15/Stewart (Helen J.) Photographs - Freight Teams/pho007074.tif
2026-09-03T17:26:59,pho007216.tif,_Uploaded to Lightroom/pho007216.tif,July 15/Stewart (Helen J.) Photographs - Freight Teams/pho007216.tif
2026-09-03T17:26:59,pho006190.tif,_Uploaded to Lightroom/pho006190.tif,"July 15/UNLV pho-series (unsorted, needs lookup)/pho006190.tif"
2026-09-03T17:26:59,pho017608.tif,_Uploaded to Lightroom/pho017608.tif,"July 15/UNLV pho-series (unsorted, needs lookup)/pho017608.tif"
2026-09-03T17:26:59,pho025998.tif,_Uploaded to Lightroom/pho025998.tif,"July 15/UNLV pho-series (unsorted, needs lookup)/pho025998.tif"
2026-09-03T17:26:59,pho031101.tif,_Uploaded to Lightroom/_duplicate on disk/pho031101.tif,"July 15/UNLV pho-series (unsorted, needs lookup)/pho031101.tif"
2026-09-03T17:26:59,pho032884.tif,_Uploaded to Lightroom/_duplicate on disk/pho032884.tif,"July 15/UNLV pho-series (unsorted, needs lookup)/pho032884.tif"
2026-09-03T17:26:59,snv001993.tif,_Uploaded to Lightroom/snv001993.tif,"July 15/UNLV snv-series (unsorted, needs lookup)/snv001993.tif"
2026-09-03T17:26:59,pho024780.tif,_Uploaded to Lightroom/pho024780.tif,July 16/Beckley Family Photograph Collection/pho024780.tif
2026-09-03T17:26:59,pho013129.tif,_Uploaded to Lightroom/pho013129.tif,July 16/Elbert Edwards Photograph Collection/pho013129.tif
2026-09-03T17:26:59,snv000320.tif,_Uploaded to Lightroom/snv000320.tif,July 16/Goldfield Fire and Mining (Rinker Collection)/snv000320.tif
2026-09-03T17:26:59,pho014432.tif,_Uploaded to Lightroom/pho014432.tif,July 16/Leon Rockwell Photograph Collection/pho014432.tif
2026-09-03T17:26:59,pho014206.tif,_Uploaded to Lightroom/pho014206.tif,July 16/Sherwin Scoop Garside Photographs - Early LV Stores/pho014206.tif
2026-09-03T17:26:59,pho004751.tif,_Uploaded to Lightroom/pho004751.tif,"July 16/UNLV pho-series (unsorted, needs lookup)/pho004751.tif"
2026-09-03T17:26:59,pho014500.tif,_Uploaded to Lightroom/pho014500.tif,"July 16/UNLV pho-series (unsorted, needs lookup)/pho014500.tif"
2026-09-03T17:26:59,pho017607.tif,_Uploaded to Lightroom/pho017607.tif,"July 16/UNLV pho-series (unsorted, needs lookup)/pho017607.tif"
2026-09-03T17:26:59,pho017618.tif,_Uploaded to Lightroom/pho017618.tif,"July 16/UNLV pho-series (unsorted, needs lookup)/pho017618.tif"
2026-09-03T17:26:59,pho017849.tif,_Uploaded to Lightroom/pho017849.tif,"July 16/UNLV pho-series (unsorted, needs lookup)/pho017849.tif"
2026-09-03T17:26:59,pho018532.tif,_Uploaded to Lightroom/pho018532.tif,"July 16/UNLV pho-series (unsorted, needs lookup)/pho018532.tif"
2026-09-03T17:26:59,pho018544.tif,_Uploaded to Lightroom/pho018544.tif,"July 16/UNLV pho-series (unsorted, needs lookup)/pho018544.tif"
2026-09-03T17:26:59,pho019878.tif,_Uploaded to Lightroom/pho019878.tif,"July 16/UNLV pho-series (unsorted, needs lookup)/pho019878.tif"
2026-09-03T17:26:59,pho019880.tif,_Uploaded to Lightroom/pho019880.tif,"July 16/UNLV pho-series (unsorted, needs lookup)/pho019880.tif"
2026-09-03T17:26:59,pho019916.tif,_Uploaded to Lightroom/_duplicate on disk/pho019916.tif,"July 16/UNLV pho-series (unsorted, needs lookup)/pho019916.tif"
2026-09-03T17:26:59,pho023008.tif,_Uploaded to Lightroom/pho023008.tif,"July 16/UNLV pho-series (unsorted, needs lookup)/pho023008.tif"
2026-09-03T17:26:59,pho023339.tif,_Uploaded to Lightroom/pho023339.tif,"July 16/UNLV pho-series (unsorted, needs lookup)/pho023339.tif"
2026-09-03T17:26:59,pho023372.tif,_Uploaded to Lightroom/pho023372.tif,"July 16/UNLV pho-series (unsorted, needs lookup)/pho023372.tif"
2026-09-03T17:26:59,pho023916.tif,_Uploaded to Lightroom/pho023916.tif,"July 16/UNLV pho-series (unsorted, needs lookup)/pho023916.tif"
2026-09-03T17:26:59,pho023917.tif,_Uploaded to Lightroom/pho023917.tif,"July 16/UNLV pho-series (unsorted, needs lookup)/pho023917.tif"
2026-09-03T17:26:59,pho023927.tif,_Uploaded to Lightroom/pho023927.tif,"July 16/UNLV pho-series (unsorted, needs lookup)/pho023927.tif"
2026-09-03T17:26:59,pho024781.tif,_Uploaded to Lightroom/pho024781.tif,"July 16/UNLV pho-series (unsorted, needs lookup)/pho024781.tif"
2026-09-03T17:26:59,pho024853.tif,_Uploaded to Lightroom/pho024853.tif,"July 16/UNLV pho-series (unsorted, needs lookup)/pho024853.tif"
2026-09-03T17:26:59,pho024864-003.tif,_Uploaded to Lightroom/pho024864-003.tif,"July 16/UNLV pho-series (unsorted, needs lookup)/pho024864-003.tif"
2026-09-03T17:26:59,pho025511.tif,_Uploaded to Lightroom/pho025511.tif,"July 16/UNLV pho-series (unsorted, needs lookup)/pho025511.tif"
2026-09-03T17:26:59,pho025881.tif,_Uploaded to Lightroom/pho025881.tif,"July 16/UNLV pho-series (unsorted, needs lookup)/pho025881.tif"
2026-09-03T17:26:59,pho028106.tif,_Uploaded to Lightroom/pho028106.tif,"July 16/UNLV pho-series (unsorted, needs lookup)/pho028106.tif"
2026-09-03T17:26:59,pho033930-002.tif,_Uploaded to Lightroom/pho033930-002.tif,"July 16/UNLV pho-series (unsorted, needs lookup)/pho033930-002.tif"
2026-09-03T17:26:59,pho033937-014.tif,_Uploaded to Lightroom/pho033937-014.tif,"July 16/UNLV pho-series (unsorted, needs lookup)/pho033937-014.tif"
2026-09-03T17:26:59,snv000194.tif,_Uploaded to Lightroom/snv000194.tif,"July 16/UNLV snv-series (unsorted, needs lookup)/snv000194.tif"
2026-09-03T17:26:59,snv000203.tif,_Uploaded to Lightroom/snv000203.tif,"July 16/UNLV snv-series (unsorted, needs lookup)/snv000203.tif"
2026-09-03T17:26:59,snv000951.tif,_Uploaded to Lightroom/snv000951.tif,"July 16/UNLV snv-series (unsorted, needs lookup)/snv000951.tif"
2026-09-03T17:26:59,snv001051.tif,_Uploaded to Lightroom/snv001051.tif,"July 16/UNLV snv-series (unsorted, needs lookup)/snv001051.tif"
2026-09-03T17:26:59,snv002500.tif,_Uploaded to Lightroom/snv002500.tif,"July 16/UNLV snv-series (unsorted, needs lookup)/snv002500.tif"
2026-09-03T17:26:59,0038 0057.jpeg,_Uploaded to Lightroom/0038 0057.jpeg,July 16/Unidentified - misc (needs lookup)/0038 0057.jpeg
2026-09-03T17:26:59,photCL 470 (002).jpg,_Uploaded to Lightroom/photCL 470 (002).jpg,July 19/Huntington Library/photCL 470 (002).jpg
2026-09-03T17:26:59,photCL 470 (007).jpg,_Uploaded to Lightroom/photCL 470 (007).jpg,July 19/Huntington Library/photCL 470 (007).jpg
2026-09-03T17:26:59,photCL 486 (030).jpg,_Uploaded to Lightroom/photCL 486 (030).jpg,July 19/Huntington Library/photCL 486 (030).jpg
2026-09-03T17:26:59,photCL Pierce 00059.jpg,_Uploaded to Lightroom/photCL Pierce 00059.jpg,July 19/Huntington Library/photCL Pierce 00059.jpg
2026-09-03T17:26:59,photCL Pierce 00062.jpg,_Uploaded to Lightroom/photCL Pierce 00062.jpg,July 19/Huntington Library/photCL Pierce 00062.jpg
2026-09-03T17:26:59,churchseries22_2835.tif,_Uploaded to Lightroom/churchseries22_2835.tif,"July 19/Reno Postcard - Mill Street (source TBD, off-topic city)/churchseries22_2835.tif"
2026-09-03T17:26:59,hln000245.tif,_Uploaded to Lightroom/hln000245.tif,"July 19/UNLV hln-series (unsorted, needs lookup)/hln000245.tif"
2026-09-03T17:26:59,hln000246.tif,_Uploaded to Lightroom/hln000246.tif,"July 19/UNLV hln-series (unsorted, needs lookup)/hln000246.tif"
2026-09-03T17:26:59,hln000247.tif,_Uploaded to Lightroom/hln000247.tif,"July 19/UNLV hln-series (unsorted, needs lookup)/hln000247.tif"
2026-09-03T17:26:59,hln000248.tif,_Uploaded to Lightroom/hln000248.tif,"July 19/UNLV hln-series (unsorted, needs lookup)/hln000248.tif"
2026-09-03T17:26:59,hln000264.tif,_Uploaded to Lightroom/hln000264.tif,"July 19/UNLV hln-series (unsorted, needs lookup)/hln000264.tif"
2026-09-03T17:26:59,hln000496.tif,_Uploaded to Lightroom/hln000496.tif,"July 19/UNLV hln-series (unsorted, needs lookup)/hln000496.tif"
2026-09-03T17:26:59,snv001117.tif,_Uploaded to Lightroom/snv001117.tif,"July 19/UNLV snv-series (unsorted, needs lookup)/snv001117.tif"
2026-09-03T17:26:59,default.jpg,_Uploaded to Lightroom/default.jpg,July 19/Unidentified - default-named files (needs lookup)/default.jpg
2026-09-03T17:26:59,default.tif,_Uploaded to Lightroom/default.tif,July 19/Unidentified - default-named files (needs lookup)/default.tif
2026-09-03T17:26:59,CHS-5712.jpg,_Uploaded to Lightroom/CHS-5712.jpg,July 19/Union League Club (CHS-USC)/CHS-5712.jpg
2026-09-03T17:26:59,CHS-1130.jpg,_Uploaded to Lightroom/CHS-1130.jpg,July 20/California Historical Society (USC Digital Library)/CHS-1130.jpg
2026-09-03T17:26:59,CHS-2136.jpg,_Uploaded to Lightroom/CHS-2136.jpg,July 20/California Historical Society (USC Digital Library)/CHS-2136.jpg
2026-09-03T17:26:59,CHS-5553.jpg,_Uploaded to Lightroom/CHS-5553.jpg,July 20/California Historical Society (USC Digital Library)/CHS-5553.jpg
2026-09-03T17:26:59,CHS-5711.jpg,_Uploaded to Lightroom/CHS-5711.jpg,July 20/California Historical Society (USC Digital Library)/CHS-5711.jpg
2026-09-03T17:26:59,1576447.jpg,_Uploaded to Lightroom/1576447.jpg,July 20/New York Public Library/1576447.jpg
2026-09-03T17:26:59,1583597.jpg,_Uploaded to Lightroom/1583597.jpg,July 20/New York Public Library/1583597.jpg
2026-09-03T17:26:59,58647476.tif,_Uploaded to Lightroom/58647476.tif,July 20/New York Public Library/58647476.tif
2026-09-03T17:26:59,723882F.jpg,_Uploaded to Lightroom/723882F.jpg,July 20/New York Public Library/723882F.jpg
2026-09-03T17:26:59,800387.jpg,_Uploaded to Lightroom/800387.jpg,July 20/New York Public Library/800387.jpg
2026-09-03T17:26:59,san-pedro-los-angeles-salt-lake-railroad-depot-riverside-california-1905-california-riverside-the-san-pedro-los-angeles-salt-lake-ry-united-states-of-america-RYM9T9.jpg,_Uploaded to Lightroom/san-pedro-los-angeles-salt-lake-railroad-depot-riverside-california-1905-california-riverside-the-san-pedro-los-angeles-salt-lake-ry-united-states-of-america-RYM9T9.jpg,"July 20/San Pedro, Los Angeles and Salt Lake Railroad/san-pedro-los-angeles-salt-lake-railroad-depot-riverside-california-1905-california-riverside-the-san-pedro-los-angeles-salt-lake-ry-united-states-of-america-RYM9T9.jpg"
2026-09-03T17:26:59,pho033930-003.tif,_Uploaded to Lightroom/pho033930-003.tif,"July 20/UNLV pho-series (unsorted, needs lookup)/pho033930-003.tif"
2026-09-03T17:26:59,default-1.jpg,_Uploaded to Lightroom/default-1.jpg,July 20/Unidentified - default-named files (needs lookup)/default-1.jpg
2026-09-03T17:26:59,oldwestkitchen.jpg,_Uploaded to Lightroom/oldwestkitchen.jpg,July 20/Unidentified - misc (needs lookup)/oldwestkitchen.jpg
2026-09-03T17:26:59,CC-00323.jpg,_Uploaded to Lightroom/CC-00323.jpg,July 22/Fire Department - Curry Engine Co/CC-00323.jpg
2026-09-03T17:26:59,CC-00324.jpg,_Uploaded to Lightroom/CC-00324.jpg,July 22/Fire Department - Curry Engine Co/CC-00324.jpg
2026-09-03T17:26:59,CC-00802.jpg,_Uploaded to Lightroom/CC-00802.jpg,July 22/Fire Department - Curry Engine Co/CC-00802.jpg
2026-09-03T17:26:59,CH-00090.jpg,_Uploaded to Lightroom/CH-00090.jpg,July 22/Nevada Historical Society - Buggy Photos/CH-00090.jpg
2026-09-03T17:26:59,CH-00740.jpg,_Uploaded to Lightroom/CH-00740.jpg,July 22/Nevada Historical Society - Buggy Photos/CH-00740.jpg
2026-09-03T17:26:59,workers-for-the-northern-pacific-pose-outside-of-their-railroad-car-housing-ca-1910-MC38R7.jpg,_Uploaded to Lightroom/workers-for-the-northern-pacific-pose-outside-of-their-railroad-car-housing-ca-1910-MC38R7.jpg,July 22/Northern Pacific Railroad/workers-for-the-northern-pacific-pose-outside-of-their-railroad-car-housing-ca-1910-MC38R7.jpg
2026-09-03T17:26:59,a-privy-or-outdoor-toilet-located-in-the-company-housing-project-of-DHCE5Y.jpg,_Uploaded to Lightroom/a-privy-or-outdoor-toilet-located-in-the-company-housing-project-of-DHCE5Y.jpg,July 22/Sewer and Sanitation Reference/a-privy-or-outdoor-toilet-located-in-the-company-housing-project-of-DHCE5Y.jpg
2026-09-03T17:26:59,cesspool-above-and-setting-pond-04072020-aerial-view-germany-schleswig-holstein-2C74JDE.jpg,_Uploaded to Lightroom/cesspool-above-and-setting-pond-04072020-aerial-view-germany-schleswig-holstein-2C74JDE.jpg,July 22/Sewer and Sanitation Reference/cesspool-above-and-setting-pond-04072020-aerial-view-germany-schleswig-holstein-2C74JDE.jpg
2026-09-03T17:26:59,detail-of-a-sanitation-ring-and-metal-mold-G32XJN.jpg,_Uploaded to Lightroom/detail-of-a-sanitation-ring-and-metal-mold-G32XJN.jpg,July 22/Sewer and Sanitation Reference/detail-of-a-sanitation-ring-and-metal-mold-G32XJN.jpg
2026-09-03T17:26:59,digging-a-deep-round-hole-with-sewer-line-drain-pipe-outlet-for-a-brick-or-concrete-septic-tank-sewer-cesspool-and-manhole-installation-2NHY7BE.jpg,_Uploaded to Lightroom/digging-a-deep-round-hole-with-sewer-line-drain-pipe-outlet-for-a-brick-or-concrete-septic-tank-sewer-cesspool-and-manhole-installation-2NHY7BE.jpg,July 22/Sewer and Sanitation Reference/digging-a-deep-round-hole-with-sewer-line-drain-pipe-outlet-for-a-brick-or-concrete-septic-tank-sewer-cesspool-and-manhole-installation-2NHY7BE.jpg
2026-09-03T17:26:59,digging-a-deep-round-hole-with-sewer-line-drain-pipe-outlet-for-a-septic-tank-sewer-2RWE8CB.jpg,_Uploaded to Lightroom/digging-a-deep-round-hole-with-sewer-line-drain-pipe-outlet-for-a-septic-tank-sewer-2RWE8CB.jpg,July 22/Sewer and Sanitation Reference/digging-a-deep-round-hole-with-sewer-line-drain-pipe-outlet-for-a-septic-tank-sewer-2RWE8CB.jpg
2026-09-03T17:26:59,distribution-department-spot-pond-brook-winter-street-culvert-northerly-end-malden-mass-apr-30-1904-waterworks-brooks-watershed-sanitary-improvement-2M2JKTF.jpg,_Uploaded to Lightroom/distribution-department-spot-pond-brook-winter-street-culvert-northerly-end-malden-mass-apr-30-1904-waterworks-brooks-watershed-sanitary-improvement-2M2JKTF.jpg,July 22/Sewer and Sanitation Reference/distribution-department-spot-pond-brook-winter-street-culvert-northerly-end-malden-mass-apr-30-1904-waterworks-brooks-watershed-sanitary-improvement-2M2JKTF.jpg
2026-09-03T17:26:59,distribution-department-spot-pond-brook-wyoming-avenue-culvert-westerly-end-melrose-mass-apr-30-1904-waterworks-brooks-watershed-sanitary-improvement-2M2JKRR.jpg,_Uploaded to Lightroom/distribution-department-spot-pond-brook-wyoming-avenue-culvert-westerly-end-melrose-mass-apr-30-1904-waterworks-brooks-watershed-sanitary-improvement-2M2JKRR.jpg,July 22/Sewer and Sanitation Reference/distribution-department-spot-pond-brook-wyoming-avenue-culvert-westerly-end-melrose-mass-apr-30-1904-waterworks-brooks-watershed-sanitary-improvement-2M2JKRR.jpg
2026-09-03T17:26:59,this-is-the-sewer-channel-of-almost-dead-clusters-of-dead-organic-matter-muddy-water-dim-reflection-of-the-sun-3EAKYN6.jpg,_Uploaded to Lightroom/this-is-the-sewer-channel-of-almost-dead-clusters-of-dead-organic-matter-muddy-water-dim-reflection-of-the-sun-3EAKYN6.jpg,July 22/Sewer and Sanitation Reference/this-is-the-sewer-channel-of-almost-dead-clusters-of-dead-organic-matter-muddy-water-dim-reflection-of-the-sun-3EAKYN6.jpg
2026-09-03T17:26:59,typhus-fever-with-particular-reference-to-the-serbian-epidemic-fig-1-filled-cesspool-2AJHHN9.jpg,_Uploaded to Lightroom/typhus-fever-with-particular-reference-to-the-serbian-epidemic-fig-1-filled-cesspool-2AJHHN9.jpg,July 22/Sewer and Sanitation Reference/typhus-fever-with-particular-reference-to-the-serbian-epidemic-fig-1-filled-cesspool-2AJHHN9.jpg
2026-09-03T17:26:59,vintage-plans-of-building-system-of-drainage-and-water-supply-essential-to-proper-sanitation-1900s-2EJ3T8R.jpg,_Uploaded to Lightroom/vintage-plans-of-building-system-of-drainage-and-water-supply-essential-to-proper-sanitation-1900s-2EJ3T8R.jpg,July 22/Sewer and Sanitation Reference/vintage-plans-of-building-system-of-drainage-and-water-supply-essential-to-proper-sanitation-1900s-2EJ3T8R.jpg
2026-09-03T17:26:59,2RGMMJ1.jpg,_Uploaded to Lightroom/2RGMMJ1.jpg,July 22/Uncategorized - needs review/2RGMMJ1.jpg
2026-09-03T17:26:59,M7WDBN.jpg,_Uploaded to Lightroom/M7WDBN.jpg,July 22/Uncategorized - needs review/M7WDBN.jpg
2026-09-03T17:26:59,"Pile of lumber by RR tracks, cheat:close ups .jpg","_Uploaded to Lightroom/Pile of lumber by RR tracks, cheat:close ups .jpg","July 22/Uncategorized - needs review/Pile of lumber by RR tracks, cheat:close ups .jpg"
2026-09-03T17:26:59,a-golden-bucket-hanging-above-a-little-fountain-made-of-stone-HG5M7X.jpg,_Uploaded to Lightroom/a-golden-bucket-hanging-above-a-little-fountain-made-of-stone-HG5M7X.jpg,July 22/Uncategorized - needs review/a-golden-bucket-hanging-above-a-little-fountain-made-of-stone-HG5M7X.jpg
2026-09-03T17:26:59,bodie-ghost-town-intentional-noise-added-for-vintage-look-GDFDXG.jpg,_Uploaded to Lightroom/bodie-ghost-town-intentional-noise-added-for-vintage-look-GDFDXG.jpg,July 22/Uncategorized - needs review/bodie-ghost-town-intentional-noise-added-for-vintage-look-GDFDXG.jpg
2026-09-03T17:26:59,in-sacramento-california-fifty-to-sixty-families-pay-1-per-month-for-DEAWCA.jpg,_Uploaded to Lightroom/in-sacramento-california-fifty-to-sixty-families-pay-1-per-month-for-DEAWCA.jpg,July 22/Uncategorized - needs review/in-sacramento-california-fifty-to-sixty-families-pay-1-per-month-for-DEAWCA.jpg
2026-09-03T17:26:59,simple-shovel-with-a-wooden-handle-is-stuck-in-a-dry-ground-in-an-unfinished-pit-W9DGMX.jpg,_Uploaded to Lightroom/simple-shovel-with-a-wooden-handle-is-stuck-in-a-dry-ground-in-an-unfinished-pit-W9DGMX.jpg,July 22/Uncategorized - needs review/simple-shovel-with-a-wooden-handle-is-stuck-in-a-dry-ground-in-an-unfinished-pit-W9DGMX.jpg
2026-09-03T17:26:59,tey0054.jpg,_Uploaded to Lightroom/tey0054.jpg,July 23/1911 Nevada Legislature (WNHPC)/tey0054.jpg
2026-09-03T17:26:59,tey0082.jpg,_Uploaded to Lightroom/tey0082.jpg,July 23/Carson City - Suffrage 1920 (WNHPC)/tey0082.jpg
2026-09-03T17:26:59,tey0087.jpg,_Uploaded to Lightroom/tey0087.jpg,July 23/Carson City - VT Railroad Depot (WNHPC)/tey0087.jpg
2026-09-03T17:26:59,P0034-3138.jpg,_Uploaded to Lightroom/P0034-3138.jpg,July 23/Fire Department Reference (St. Louis Historical Society)/P0034-3138.jpg
2026-09-03T17:26:59,S1083_1090.jpg,_Uploaded to Lightroom/S1083_1090.jpg,July 23/Fire Department Reference (St. Louis Historical Society)/S1083_1090.jpg
2026-09-03T17:26:59,AAB-6092.jpg,_Uploaded to Lightroom/AAB-6092.jpg,July 23/General Reference - SF Streets and Sewers/AAB-6092.jpg
2026-09-03T17:26:59,AAA-7143.jpg,_Uploaded to Lightroom/AAA-7143.jpg,July 23/San Francisco Public Library/AAA-7143.jpg
2026-09-03T17:26:59,AAB-6085.jpg,_Uploaded to Lightroom/AAB-6085.jpg,July 23/San Francisco Public Library/AAB-6085.jpg
2026-09-03T17:26:59,sanfran-sewers.jpg,_Uploaded to Lightroom/sanfran-sewers.jpg,July 23/Sewer and Sanitation Reference/sanfran-sewers.jpg
2026-09-03T17:26:59,campphotoscollection_5365.tif,_Uploaded to Lightroom/campphotoscollection_5365.tif,July 23/Unidentified - Camp Photos Collection/campphotoscollection_5365.tif
2026-09-03T17:26:59,campphotoscollection_5367.tif,_Uploaded to Lightroom/campphotoscollection_5367.tif,July 23/Unidentified - Camp Photos Collection/campphotoscollection_5367.tif
2026-09-03T17:26:59,16322.jpg,_Uploaded to Lightroom/16322.jpg,July 24/Denver & Rio Grande Western Railroad/16322.jpg
2026-09-03T17:26:59,29430.jpg,_Uploaded to Lightroom/29430.jpg,July 24/Denver & Rio Grande Western Railroad/29430.jpg
2026-09-03T17:26:59,Denver_Rio_Grande_Western_Railroad_Station_SLC_P_53.jpg,_Uploaded to Lightroom/Denver_Rio_Grande_Western_Railroad_Station_SLC_P_53.jpg,July 24/Denver & Rio Grande Western Railroad/Denver_Rio_Grande_Western_Railroad_Station_SLC_P_53.jpg
2026-09-03T17:26:59,Denver_Rio_Grande_Western_Railroad_Station_SLC_P_54.jpg,_Uploaded to Lightroom/Denver_Rio_Grande_Western_Railroad_Station_SLC_P_54.jpg,July 24/Denver & Rio Grande Western Railroad/Denver_Rio_Grande_Western_Railroad_Station_SLC_P_54.jpg
2026-09-03T17:26:59,22587.jpg,_Uploaded to Lightroom/22587.jpg,July 24/Saltair Depot/22587.jpg
2026-09-03T17:26:59,San_Pedro_Los_Angeles_Salt_Lake_RR_P_11.jpg,_Uploaded to Lightroom/San_Pedro_Los_Angeles_Salt_Lake_RR_P_11.jpg,"July 24/San Pedro, Los Angeles and Salt Lake Railroad/San_Pedro_Los_Angeles_Salt_Lake_RR_P_11.jpg"
2026-09-03T17:26:59,San_Pedro_Los_Angeles_Salt_Lake_RR_P_2.jpg,_Uploaded to Lightroom/San_Pedro_Los_Angeles_Salt_Lake_RR_P_2.jpg,"July 24/San Pedro, Los Angeles and Salt Lake Railroad/San_Pedro_Los_Angeles_Salt_Lake_RR_P_2.jpg"
2026-09-03T17:26:59,San_Pedro_Los_Angeles_Salt_Lake_RR_P_5.jpg,_Uploaded to Lightroom/San_Pedro_Los_Angeles_Salt_Lake_RR_P_5.jpg,"July 24/San Pedro, Los Angeles and Salt Lake Railroad/San_Pedro_Los_Angeles_Salt_Lake_RR_P_5.jpg"
2026-09-03T17:26:59,Union_Pacific_Railroad_Los_Angeles_Ltd_p_3.jpg,_Uploaded to Lightroom/Union_Pacific_Railroad_Los_Angeles_Ltd_p_3.jpg,July 24/Union Pacific Railroad/Union_Pacific_Railroad_Los_Angeles_Ltd_p_3.jpg
2026-09-03T17:26:59,Union_Pacific_Railroad_Los_Angeles_Ltd_p_4.jpg,_Uploaded to Lightroom/Union_Pacific_Railroad_Los_Angeles_Ltd_p_4.jpg,July 24/Union Pacific Railroad/Union_Pacific_Railroad_Los_Angeles_Ltd_p_4.jpg
2026-09-03T17:26:59,18498.jpg,_Uploaded to Lightroom/18498.jpg,July 24/Wagons and Freighting/18498.jpg
2026-09-03T17:26:59,Bingham_and_Garfield_RR_P_5.jpg,_Uploaded to Lightroom/Bingham_and_Garfield_RR_P_5.jpg,July 27/Bingham and Garfield Railroad/Bingham_and_Garfield_RR_P_5.jpg
2026-09-03T17:26:59,hln000124.tif,_Uploaded to Lightroom/hln000124.tif,July 27/Boulder City Sewer Construction/hln000124.tif
2026-09-03T17:26:59,pho023136.tif,_Uploaded to Lightroom/pho023136.tif,July 27/Boulder City Sewer Construction/pho023136.tif
2026-09-03T17:26:59,pho023137.tif,_Uploaded to Lightroom/pho023137.tif,July 27/Boulder City Sewer Construction/pho023137.tif
2026-09-03T17:26:59,Denver_Rio_Grande_Western_Railroad_Station_SLC_P_109.jpg,_Uploaded to Lightroom/Denver_Rio_Grande_Western_Railroad_Station_SLC_P_109.jpg,July 27/Denver & Rio Grande Western Railroad/Denver_Rio_Grande_Western_Railroad_Station_SLC_P_109.jpg
2026-09-03T17:26:59,Denver_Rio_Grande_Western_Railroad_Station_SLC_P_110.jpg,_Uploaded to Lightroom/Denver_Rio_Grande_Western_Railroad_Station_SLC_P_110.jpg,July 27/Denver & Rio Grande Western Railroad/Denver_Rio_Grande_Western_Railroad_Station_SLC_P_110.jpg
2026-09-03T17:26:59,Denver_Rio_Grande_Western_Railroad_Station_SLC_P_111.jpg,_Uploaded to Lightroom/Denver_Rio_Grande_Western_Railroad_Station_SLC_P_111.jpg,July 27/Denver & Rio Grande Western Railroad/Denver_Rio_Grande_Western_Railroad_Station_SLC_P_111.jpg
2026-09-03T17:26:59,GP_0045_image_primary.tif,_Uploaded to Lightroom/GP_0045_image_primary.tif,July 27/GP_0045_image_primary.tif
2026-09-03T17:26:59,hln000313.tif,_Uploaded to Lightroom/hln000313.tif,July 27/Off-Topic - Pittman-Moapa-RoundMtn/hln000313.tif
2026-09-03T17:26:59,hln000338.tif,_Uploaded to Lightroom/hln000338.tif,July 27/Off-Topic - Pittman-Moapa-RoundMtn/hln000338.tif
2026-09-03T17:26:59,hln000340.tif,_Uploaded to Lightroom/hln000340.tif,July 27/Off-Topic - Pittman-Moapa-RoundMtn/hln000340.tif
2026-09-03T17:26:59,hln000423.tif,_Uploaded to Lightroom/hln000423.tif,July 27/Off-Topic - Pittman-Moapa-RoundMtn/hln000423.tif
2026-09-03T17:26:59,pho005819.tif,_Uploaded to Lightroom/pho005819.tif,July 27/Off-Topic - Pittman-Moapa-RoundMtn/pho005819.tif
2026-09-03T17:26:59,21339.jpg,_Uploaded to Lightroom/21339.jpg,July 27/Oregon Short Line Railroad/21339.jpg
2026-09-03T17:26:59,MDWSC_C_0071_0009_CE_image_primary.tif,_Uploaded to Lightroom/MDWSC_C_0071_0009_CE_image_primary.tif,"July 27/Reference - MA Sewer Construction (off-topic, WPA)/MDWSC_C_0071_0009_CE_image_primary.tif"
2026-09-03T17:26:59,CHS-33079.jpg,_Uploaded to Lightroom/CHS-33079.jpg,July 27/Riverside and LA Street Scenes (CHS-USC)/CHS-33079.jpg
2026-09-03T17:26:59,2714874.jpg,_Uploaded to Lightroom/2714874.jpg,"July 27/San Pedro, Los Angeles and Salt Lake Railroad/2714874.jpg"
2026-09-03T17:26:59,San_Pedro_Los_Angeles_Salt_Lake_RR_P_7.jpg,_Uploaded to Lightroom/San_Pedro_Los_Angeles_Salt_Lake_RR_P_7.jpg,"July 27/San Pedro, Los Angeles and Salt Lake Railroad/San_Pedro_Los_Angeles_Salt_Lake_RR_P_7.jpg"
2026-09-03T17:26:59,San_Pedro_Los_Angeles_Salt_Lake_RR_P_8.jpg,_Uploaded to Lightroom/San_Pedro_Los_Angeles_Salt_Lake_RR_P_8.jpg,"July 27/San Pedro, Los Angeles and Salt Lake Railroad/San_Pedro_Los_Angeles_Salt_Lake_RR_P_8.jpg"
2026-09-03T17:26:59,San_Pedro_Los_Angeles_Salt_Lake_RR_P_9.jpg,_Uploaded to Lightroom/San_Pedro_Los_Angeles_Salt_Lake_RR_P_9.jpg,"July 27/San Pedro, Los Angeles and Salt Lake Railroad/San_Pedro_Los_Angeles_Salt_Lake_RR_P_9.jpg"
2026-09-03T17:26:59,San_Pedro_Los_Angeles_and_Salt_Lake_Railroad_Salt_Lake_Division_700_Gallon_Steel_Oil_Tank.jpg,_Uploaded to Lightroom/San_Pedro_Los_Angeles_and_Salt_Lake_Railroad_Salt_Lake_Division_700_Gallon_Steel_Oil_Tank.jpg,"July 27/San Pedro, Los Angeles and Salt Lake Railroad/San_Pedro_Los_Angeles_and_Salt_Lake_Railroad_Salt_Lake_Division_700_Gallon_Steel_Oil_Tank.jpg"
2026-09-03T17:26:59,San_Pedro_Los_Angeles_and_Salt_Lake_Railroad_Salt_Lake_Division_Double_Coal_House_for_Company_Dwellings.jpg,_Uploaded to Lightroom/San_Pedro_Los_Angeles_and_Salt_Lake_Railroad_Salt_Lake_Division_Double_Coal_House_for_Company_Dwellings.jpg,"July 27/San Pedro, Los Angeles and Salt Lake Railroad/San_Pedro_Los_Angeles_and_Salt_Lake_Railroad_Salt_Lake_Division_Double_Coal_House_for_Company_Dwellings.jpg"
2026-09-03T17:26:59,Sewer_900_South_and_State_Street.jpg,_Uploaded to Lightroom/Sewer_900_South_and_State_Street.jpg,July 27/Sewer and Sanitation Reference/Sewer_900_South_and_State_Street.jpg
2026-09-03T17:26:59,Sewer_Gravity_Outlet_Construction (1).jpg,_Uploaded to Lightroom/Sewer_Gravity_Outlet_Construction (1).jpg,July 27/Sewer and Sanitation Reference/Sewer_Gravity_Outlet_Construction (1).jpg
2026-09-03T17:26:59,Sewer_Gravity_Outlet_Construction.jpg,_Uploaded to Lightroom/Sewer_Gravity_Outlet_Construction.jpg,July 27/Sewer and Sanitation Reference/Sewer_Gravity_Outlet_Construction.jpg
2026-09-03T17:26:59,Sewer_at_900_North.jpg,_Uploaded to Lightroom/Sewer_at_900_North.jpg,July 27/Sewer and Sanitation Reference/Sewer_at_900_North.jpg
2026-09-03T17:26:59,p245801coll13_4540_medium.jpg,_Uploaded to Lightroom/p245801coll13_4540_medium.jpg,July 27/Uncategorized - needs review/p245801coll13_4540_medium.jpg
2026-09-03T17:26:59,San_Pedro_Los_Angeles_and_Salt_Lake_Railroad_Concrete_Reservoir_for_Water_Supply_at_Chase.jpg,_Uploaded to Lightroom/San_Pedro_Los_Angeles_and_Salt_Lake_Railroad_Concrete_Reservoir_for_Water_Supply_at_Chase.jpg,"July 29/San Pedro, Los Angeles and Salt Lake Railroad/San_Pedro_Los_Angeles_and_Salt_Lake_Railroad_Concrete_Reservoir_for_Water_Supply_at_Chase.jpg"
2026-09-03T17:26:59,CA-00138.tif,_Uploaded to Lightroom/CA-00138.tif,Nevada HS - Sarah Patten 1/OG/CA-00138.tif
2026-09-03T17:26:59,EF-01397.tif,_Uploaded to Lightroom/EF-01397.tif,Nevada HS - Sarah Patten 1/OG/EF-01397.tif
2026-09-03T17:26:59,LN-00156.tif,_Uploaded to Lightroom/LN-00156.tif,Nevada HS - Sarah Patten 1/OG/LN-00156.tif
2026-09-03T17:26:59,NYE-00715.tif,_Uploaded to Lightroom/NYE-00715.tif,Nevada HS - Sarah Patten 1/OG/NYE-00715.tif
2026-09-03T17:26:59,NYE-01593.tif,_Uploaded to Lightroom/NYE-01593.tif,Nevada HS - Sarah Patten 1/OG/NYE-01593.tif
2026-09-03T17:26:59,NYE-01718.tif,_Uploaded to Lightroom/NYE-01718.tif,Nevada HS - Sarah Patten 1/OG/NYE-01718.tif
2026-09-03T17:26:59,NYE-01746.tif,_Uploaded to Lightroom/NYE-01746.tif,Nevada HS - Sarah Patten 1/OG/NYE-01746.tif
2026-09-03T17:26:59,1a34194.tif,_Uploaded to Lightroom/1a34194.tif,September 1/1a34194.tif
2026-09-03T17:26:59,2EJ3T8R.jpg,_Uploaded to Lightroom/2EJ3T8R.jpg,September 1/2EJ3T8R.jpg
2026-09-03T17:26:59,2M18K9B.jpg,_Uploaded to Lightroom/2M18K9B.jpg,September 1/2M18K9B.jpg
2026-09-03T17:26:59,2M2JKRR.jpg,_Uploaded to Lightroom/2M2JKRR.jpg,September 1/2M2JKRR.jpg
2026-09-03T17:26:59,2M2JKTF.jpg,_Uploaded to Lightroom/2M2JKTF.jpg,September 1/2M2JKTF.jpg
2026-09-03T17:26:59,39222001456750.jpg,_Uploaded to Lightroom/39222001456750.jpg,September 1/39222001456750.jpg
2026-09-03T17:26:59,3c37464.tif,_Uploaded to Lightroom/3c37464.tif,September 1/3c37464.tif
2026-09-03T17:26:59,CHS-258.jpg,_Uploaded to Lightroom/CHS-258.jpg,September 1/CHS-258.jpg
2026-09-03T17:26:59,DPW-46.tiff,_Uploaded to Lightroom/DPW-46.tiff,September 1/DPW-46.tiff
2026-09-03T17:26:59,L87-1.2383-10.jpeg,_Uploaded to Lightroom/L87-1.2383-10.jpeg,September 1/L87-1.2383-10.jpeg
2026-09-03T17:26:59,L87-1.2384-10.jpeg,_Uploaded to Lightroom/L87-1.2384-10.jpeg,September 1/L87-1.2384-10.jpeg
2026-09-03T17:26:59,L87-1.5321X-10.jpeg,_Uploaded to Lightroom/L87-1.5321X-10.jpeg,September 1/L87-1.5321X-10.jpeg
2026-09-03T17:26:59,L87-1.5637X-10.jpeg,_Uploaded to Lightroom/L87-1.5637X-10.jpeg,September 1/L87-1.5637X-10.jpeg
2026-09-03T17:26:59,RYM9T9.jpg,_Uploaded to Lightroom/RYM9T9.jpg,September 1/RYM9T9.jpg
2026-09-03T17:26:59,campphotoscollection_5365.tif,_Uploaded to Lightroom/_duplicate on disk/campphotoscollection_5365.tif,September 1/campphotoscollection_5365.tif
2026-09-03T17:26:59,campphotoscollection_5367.tif,_Uploaded to Lightroom/_duplicate on disk/campphotoscollection_5367.tif,September 1/campphotoscollection_5367.tif
2026-09-03T17:26:59,hln000094.tif,_Uploaded to Lightroom/hln000094.tif,September 1/hln000094.tif
2026-09-03T17:26:59,pho004120.tif,_Uploaded to Lightroom/pho004120.tif,September 1/pho004120.tif
2026-09-03T17:26:59,pho004752.tif,_Uploaded to Lightroom/pho004752.tif,September 1/pho004752.tif
2026-09-03T17:26:59,pho014336.tif,_Uploaded to Lightroom/pho014336.tif,September 1/pho014336.tif
2026-09-03T17:26:59,pho016723.tif,_Uploaded to Lightroom/pho016723.tif,September 1/pho016723.tif
2026-09-03T17:26:59,pho017616.tif,_Uploaded to Lightroom/pho017616.tif,September 1/pho017616.tif
2026-09-03T17:26:59,snv001117.tif,_Uploaded to Lightroom/_duplicate on disk/snv001117.tif,September 1/snv001117.tif
2026-09-03T17:26:59,16322.tif,_Uploaded to Lightroom/16322.tif,UHS Alexa Bush #26-052/16322.tif
2026-09-03T17:26:59,17638.tif,_Uploaded to Lightroom/17638.tif,UHS Alexa Bush #26-052/17638.tif
2026-09-03T17:26:59,18498.tif,_Uploaded to Lightroom/18498.tif,UHS Alexa Bush #26-052/18498.tif
2026-09-03T17:26:59,21339.tif,_Uploaded to Lightroom/21339.tif,UHS Alexa Bush #26-052/21339.tif
2026-09-03T17:26:59,22256.tif,_Uploaded to Lightroom/22256.tif,UHS Alexa Bush #26-052/22256.tif
2026-09-03T17:26:59,22257.tif,_Uploaded to Lightroom/22257.tif,UHS Alexa Bush #26-052/22257.tif
2026-09-03T17:26:59,22582.tif,_Uploaded to Lightroom/22582.tif,UHS Alexa Bush #26-052/22582.tif
2026-09-03T17:26:59,22583.tif,_Uploaded to Lightroom/22583.tif,UHS Alexa Bush #26-052/22583.tif
2026-09-03T17:26:59,22584.tif,_Uploaded to Lightroom/22584.tif,UHS Alexa Bush #26-052/22584.tif
2026-09-03T17:26:59,22585.tif,_Uploaded to Lightroom/22585.tif,UHS Alexa Bush #26-052/22585.tif
2026-09-03T17:26:59,22586.tif,_Uploaded to Lightroom/22586.tif,UHS Alexa Bush #26-052/22586.tif
2026-09-03T17:26:59,22587.tif,_Uploaded to Lightroom/22587.tif,UHS Alexa Bush #26-052/22587.tif
2026-09-03T17:26:59,23302.tif,_Uploaded to Lightroom/23302.tif,UHS Alexa Bush #26-052/23302.tif
2026-09-03T17:26:59,23501.tif,_Uploaded to Lightroom/23501.tif,UHS Alexa Bush #26-052/23501.tif
2026-09-03T17:26:59,25049.tif,_Uploaded to Lightroom/25049.tif,UHS Alexa Bush #26-052/25049.tif
2026-09-03T17:26:59,27082.tif,_Uploaded to Lightroom/27082.tif,UHS Alexa Bush #26-052/27082.tif
2026-09-03T17:26:59,2714858.tif,_Uploaded to Lightroom/2714858.tif,UHS Alexa Bush #26-052/2714858.tif
2026-09-03T17:26:59,2714859.tif,_Uploaded to Lightroom/2714859.tif,UHS Alexa Bush #26-052/2714859.tif
2026-09-03T17:26:59,27871.tif,_Uploaded to Lightroom/27871.tif,UHS Alexa Bush #26-052/27871.tif
2026-09-03T17:26:59,29430.tif,_Uploaded to Lightroom/29430.tif,UHS Alexa Bush #26-052/29430.tif
2026-09-03T17:26:59,29902.tif,_Uploaded to Lightroom/29902.tif,UHS Alexa Bush #26-052/29902.tif
2026-09-03T17:26:59,29903.tif,_Uploaded to Lightroom/29903.tif,UHS Alexa Bush #26-052/29903.tif
2026-09-03T17:26:59,29904.tif,_Uploaded to Lightroom/29904.tif,UHS Alexa Bush #26-052/29904.tif
2026-09-03T17:26:59,29905.tif,_Uploaded to Lightroom/29905.tif,UHS Alexa Bush #26-052/29905.tif
2026-09-03T17:26:59,511.tif,_Uploaded to Lightroom/511.tif,UHS Alexa Bush #26-052/511.tif
2026-09-03T17:26:59,523.tif,_Uploaded to Lightroom/523.tif,UHS Alexa Bush #26-052/523.tif
2026-09-03T17:26:59,573.tif,_Uploaded to Lightroom/573.tif,UHS Alexa Bush #26-052/573.tif
2026-09-03T17:26:59,750.tif,_Uploaded to Lightroom/750.tif,UHS Alexa Bush #26-052/750.tif
